bid_id,tender_id,vendor_id,bid_amount,submission_time,is_winner
BID000001,TEN0001,VEN0026,655000,2024-06-18 10:18:50,True
BID000002,TEN0001,VEN0049,781000,2024-07-08 15:41:19,False
BID000003,TEN0001,VEN0060,793000,2024-06-29 12:08:23,False
BID000004,TEN0001,VEN0106,761000,2024-06-29 16:17:11,False
BID000005,TEN0001,VEN0059,914000,2024-06-02 13:38:50,False
BID000006,TEN0001,VEN0099,902000,2024-06-17 11:54:44,False
BID000007,TEN0002,VEN0054,4252000,2024-12-17 15:10:59,False
BID000008,TEN0002,VEN0091,4653000,2024-12-05 15:09:28,False
BID000009,TEN0002,VEN0057,3997000,2024-12-27 14:48:07,True
BID000010,TEN0002,VEN0073,4337000,2024-12-06 11:23:36,False
BID000011,TEN0003,VEN0010,13216000,2022-02-27 15:33:10,True
BID000012,TEN0003,VEN0120,18705000,2022-02-22 16:33:35,False
BID000013,TEN0003,VEN0100,16402000,2022-02-18 16:41:16,False
BID000014,TEN0003,VEN0072,14974000,2022-02-14 14:16:07,False
BID000015,TEN0003,VEN0087,16143000,2022-02-14 15:42:50,False
BID000016,TEN0004,VEN0111,10155000,2021-06-16 17:50:57,True
BID000017,TEN0004,VEN0096,15170000,2021-07-08 12:33:49,False
BID000018,TEN0004,VEN0097,14907000,2021-06-19 14:11:28,False
BID000019,TEN0004,VEN0053,11154000,2021-05-28 15:57:02,False
BID000020,TEN0004,VEN0077,13898000,2021-07-12 15:50:39,False
BID000021,TEN0004,VEN0022,14165000,2021-07-13 09:34:03,False
BID000022,TEN0005,VEN0078,7883000,2024-01-03 11:09:42,False
BID000023,TEN0005,VEN0066,7737000,2024-01-10 17:19:21,False
BID000024,TEN0005,VEN0044,5731000,2024-01-10 10:22:42,False
BID000025,TEN0005,VEN0119,5708000,2024-01-01 12:06:12,True
BID000026,TEN0006,VEN0082,4295000,2023-06-07 11:51:35,False
BID000027,TEN0006,VEN0031,3762000,2023-06-06 17:32:40,True
BID000028,TEN0006,VEN0034,6041000,2023-05-07 16:32:44,False
BID000029,TEN0006,VEN0070,4922000,2023-04-26 16:14:13,False
BID000030,TEN0006,VEN0020,4630000,2023-06-02 13:10:39,False
BID000031,TEN0006,VEN0076,4517000,2023-05-20 16:50:20,False
BID000032,TEN0007,VEN0094,5692000,2023-03-05 11:11:04,False
BID000033,TEN0007,VEN0111,4045000,2023-03-19 14:33:34,True
BID000034,TEN0007,VEN0088,5267000,2023-02-28 16:07:12,False
BID000035,TEN0007,VEN0063,5060000,2023-03-12 15:36:40,False
BID000036,TEN0007,VEN0022,4723000,2023-03-14 11:37:02,False
BID000037,TEN0007,VEN0044,5460000,2023-03-10 13:43:16,False
BID000038,TEN0007,VEN0066,5436000,2023-02-24 15:15:05,False
BID000039,TEN0007,VEN0078,5009000,2023-02-21 16:40:17,False
BID000040,TEN0008,VEN0054,7109000,2023-12-04 12:47:15,True
BID000041,TEN0008,VEN0004,10343000,2023-11-23 16:04:26,False
BID000042,TEN0008,VEN0047,11206000,2023-11-26 11:53:43,False
BID000043,TEN0008,VEN0057,8393000,2023-11-14 12:08:07,False
BID000044,TEN0008,VEN0079,11836000,2023-12-25 12:10:06,False
BID000045,TEN0008,VEN0030,9506000,2023-12-04 16:49:10,False
BID000046,TEN0008,VEN0114,9948000,2023-11-27 11:14:28,False
BID000047,TEN0009,VEN0009,12693000,2023-11-03 09:53:50,False
BID000048,TEN0009,VEN0078,12842000,2023-11-08 12:21:20,True
BID000049,TEN0009,VEN0032,13020000,2023-11-20 15:01:07,False
BID000050,TEN0009,VEN0097,13900000,2023-11-01 10:18:45,False
BID000051,TEN0009,VEN0022,10679000,2023-11-18 10:34:36,False
BID000052,TEN0009,VEN0068,13051000,2023-11-21 14:55:10,False
BID000053,TEN0009,VEN0053,15656000,2023-10-30 12:24:19,False
BID000054,TEN0009,VEN0111,16564000,2023-11-16 13:51:48,False
BID000055,TEN0010,VEN0009,3002000,2023-10-14 17:50:32,False
BID000056,TEN0010,VEN0078,2699000,2023-11-10 17:53:42,False
BID000057,TEN0010,VEN0096,2789000,2023-10-31 17:58:03,False
BID000058,TEN0010,VEN0068,2439000,2023-11-02 12:28:03,False
BID000059,TEN0010,VEN0053,2105000,2023-11-15 00:00:00,True
BID000060,TEN0010,VEN0032,3027000,2023-10-28 13:32:56,False
BID000061,TEN0011,VEN0096,12980000,2021-08-05 15:03:40,False
BID000062,TEN0011,VEN0088,15495000,2021-09-14 14:12:28,False
BID000063,TEN0011,VEN0044,13530000,2021-08-06 11:41:13,False
BID000064,TEN0011,VEN0078,13641000,2021-08-06 09:15:41,False
BID000065,TEN0011,VEN0111,13938000,2021-08-20 13:41:56,False
BID000066,TEN0011,VEN0053,11436000,2021-08-12 11:27:02,False
BID000067,TEN0011,VEN0077,12637000,2021-08-15 15:19:49,False
BID000068,TEN0011,VEN0119,11170000,2021-08-28 13:20:36,True
BID000069,TEN0012,VEN0067,3172000,2022-06-16 12:45:47,True
BID000070,TEN0012,VEN0046,3423000,2022-06-16 17:27:39,False
BID000071,TEN0012,VEN0064,4381000,2022-06-01 17:26:34,False
BID000072,TEN0013,VEN0116,2027000,2021-12-09 09:31:14,False
BID000073,TEN0013,VEN0055,1929000,2021-12-10 09:35:59,False
BID000074,TEN0013,VEN0027,1859000,2021-12-05 11:29:22,False
BID000075,TEN0013,VEN0047,2845000,2021-12-04 17:15:46,True
BID000076,TEN0013,VEN0021,1908000,2021-12-06 16:09:26,False
BID000077,TEN0013,VEN0020,2199000,2021-12-11 13:24:02,False
BID000078,TEN0013,VEN0017,2153000,2021-12-18 13:21:10,False
BID000079,TEN0013,VEN0091,2156000,2021-12-11 17:55:39,False
BID000080,TEN0014,VEN0073,10228000,2021-04-18 15:08:49,False
BID000081,TEN0014,VEN0109,10803000,2021-04-22 16:36:21,False
BID000082,TEN0014,VEN0065,10584000,2021-04-03 16:47:29,False
BID000083,TEN0014,VEN0070,9945000,2021-04-28 09:43:52,True
BID000084,TEN0015,VEN0068,11824000,2024-08-29 16:05:41,False
BID000085,TEN0015,VEN0111,13216000,2024-08-17 16:25:21,False
BID000086,TEN0015,VEN0077,13760000,2024-08-26 11:11:04,False
BID000087,TEN0015,VEN0022,11734000,2024-08-31 09:48:24,False
BID000088,TEN0015,VEN0039,10506000,2024-08-31 14:14:18,False
BID000089,TEN0015,VEN0078,10480000,2024-09-30 12:26:59,False
BID000090,TEN0015,VEN0119,10711000,2024-08-15 12:00:58,False
BID000091,TEN0015,VEN0063,9094000,2024-08-21 17:54:43,True
BID000092,TEN0016,VEN0078,7960000,2021-10-07 15:59:59,False
BID000093,TEN0016,VEN0119,8552000,2021-09-30 17:14:08,False
BID000094,TEN0016,VEN0063,6815000,2021-09-06 12:28:20,True
BID000095,TEN0016,VEN0077,7699000,2021-10-12 09:03:37,False
BID000096,TEN0016,VEN0066,8577000,2021-09-01 15:38:38,False
BID000097,TEN0016,VEN0068,7259000,2021-09-08 12:33:18,False
BID000098,TEN0016,VEN0096,6959000,2021-09-27 12:03:42,False
BID000099,TEN0016,VEN0088,6969000,2021-10-08 13:16:45,False
BID000100,TEN0017,VEN0059,1381000,2023-04-19 10:17:55,False
BID000101,TEN0017,VEN0075,1170000,2023-05-04 13:07:45,False
BID000102,TEN0017,VEN0080,981000,2023-04-16 15:25:10,True
BID000103,TEN0017,VEN0071,1250000,2023-04-16 13:15:38,False
BID000104,TEN0017,VEN0049,1220000,2023-04-25 09:22:06,False
BID000105,TEN0018,VEN0017,1246000,2023-12-16 15:19:47,False
BID000106,TEN0018,VEN0114,1745000,2023-12-11 17:52:50,True
BID000107,TEN0018,VEN0027,1157000,2023-12-02 11:00:27,False
BID000108,TEN0018,VEN0076,1184000,2023-11-26 15:00:17,False
BID000109,TEN0018,VEN0109,1127000,2023-11-27 12:33:20,False
BID000110,TEN0018,VEN0070,1599000,2023-12-15 14:41:44,False
BID000111,TEN0019,VEN0111,2662000,2021-03-12 14:49:55,False
BID000112,TEN0019,VEN0053,1949000,2021-04-13 17:10:53,True
BID000113,TEN0019,VEN0068,2187000,2021-03-03 12:43:14,False
BID000114,TEN0019,VEN0039,2720000,2021-04-07 14:07:22,False
BID000115,TEN0019,VEN0096,2619000,2021-03-19 10:19:49,False
BID000116,TEN0019,VEN0009,2432000,2021-03-19 16:51:06,False
BID000117,TEN0019,VEN0094,2757000,2021-04-16 00:00:00,False
BID000118,TEN0020,VEN0034,4296000,2023-09-14 13:54:53,False
BID000119,TEN0020,VEN0116,3778000,2023-09-24 15:32:24,False
BID000120,TEN0020,VEN0114,3272000,2023-09-23 15:33:32,True
BID000121,TEN0020,VEN0065,3723000,2023-09-30 00:00:00,False
BID000122,TEN0020,VEN0027,4256000,2023-09-20 15:04:27,False
BID000123,TEN0020,VEN0115,4458000,2023-09-17 17:18:29,False
BID000124,TEN0020,VEN0082,4620000,2023-09-17 10:21:48,False
BID000125,TEN0020,VEN0113,3322000,2023-09-15 17:41:53,False
BID000126,TEN0021,VEN0047,11795000,2025-01-01 10:55:07,True
BID000127,TEN0021,VEN0073,7882000,2024-12-03 15:07:25,False
BID000128,TEN0021,VEN0070,7268000,2025-01-07 00:00:00,False
BID000129,TEN0021,VEN0091,8807000,2024-12-05 13:19:56,False
BID000130,TEN0021,VEN0020,7451000,2024-12-06 11:59:27,False
BID000131,TEN0021,VEN0065,8346000,2024-12-13 16:52:06,False
BID000132,TEN0021,VEN0082,8855000,2025-01-03 17:59:44,False
BID000133,TEN0022,VEN0049,1237000,2024-05-20 12:38:02,True
BID000134,TEN0022,VEN0098,1662000,2024-05-17 14:25:00,False
BID000135,TEN0023,VEN0021,4856000,2022-07-14 15:16:38,True
BID000136,TEN0023,VEN0091,5561000,2022-07-06 16:33:09,False
BID000137,TEN0023,VEN0029,5122000,2022-07-18 16:57:31,False
BID000138,TEN0024,VEN0086,1588000,2021-09-24 10:01:19,False
BID000139,TEN0024,VEN0085,1895000,2021-09-13 09:19:23,False
BID000140,TEN0024,VEN0098,1846000,2021-09-26 11:52:15,True
BID000141,TEN0024,VEN0043,1448000,2021-09-24 15:05:44,False
BID000142,TEN0024,VEN0112,1698000,2021-09-10 11:31:33,False
BID000143,TEN0025,VEN0061,6047000,2023-05-05 15:09:17,False
BID000144,TEN0025,VEN0019,4577000,2023-05-22 15:10:05,True
BID000145,TEN0026,VEN0020,777000,2023-05-29 17:49:09,True
BID000146,TEN0026,VEN0005,901000,2023-06-26 15:18:29,False
BID000147,TEN0026,VEN0079,791000,2023-05-09 14:43:01,False
BID000148,TEN0026,VEN0076,818000,2023-05-17 17:01:42,False
BID000149,TEN0026,VEN0031,908000,2023-06-04 13:40:59,False
BID000150,TEN0026,VEN0109,783000,2023-06-01 12:39:41,False
BID000151,TEN0026,VEN0065,779000,2023-05-21 10:10:54,False
BID000152,TEN0026,VEN0114,847000,2023-06-02 11:09:13,False
BID000153,TEN0027,VEN0092,8951000,2023-10-06 00:00:00,True
BID000154,TEN0027,VEN0095,5419000,2023-08-30 16:52:07,False
BID000155,TEN0028,VEN0001,32109000,2024-02-24 15:48:29,False
BID000156,TEN0028,VEN0074,28797000,2024-02-19 10:05:33,True
BID000157,TEN0028,VEN0056,36725000,2024-02-25 17:01:13,False
BID000158,TEN0028,VEN0041,43299000,2024-02-20 15:36:15,False
BID000159,TEN0028,VEN0036,34479000,2024-03-01 16:52:56,False
BID000160,TEN0028,VEN0058,34609000,2024-03-02 13:50:08,False
BID000161,TEN0029,VEN0005,3383000,2023-09-20 09:27:52,True
BID000162,TEN0029,VEN0115,4154000,2023-10-13 09:12:07,False
BID000163,TEN0029,VEN0114,4093000,2023-10-02 14:32:34,False
BID000164,TEN0029,VEN0070,3887000,2023-09-20 10:05:01,False
BID000165,TEN0030,VEN0103,1890000,2023-06-28 15:30:25,True
BID000166,TEN0030,VEN0024,1932000,2023-07-12 12:06:44,False
BID000167,TEN0031,VEN0006,8022000,2022-09-30 09:49:22,False
BID000168,TEN0031,VEN0093,8019000,2022-10-11 10:46:43,True
BID000169,TEN0031,VEN0103,8074000,2022-10-18 12:26:04,False
BID000170,TEN0032,VEN0075,600000,2023-10-31 16:49:20,True
BID000171,TEN0032,VEN0059,728000,2023-11-08 11:23:54,False
BID000172,TEN0032,VEN0051,649000,2023-11-09 10:56:08,False
BID000173,TEN0033,VEN0040,1403000,2024-04-18 11:18:54,False
BID000174,TEN0033,VEN0059,1303000,2024-04-23 09:18:23,False
BID000175,TEN0033,VEN0042,1479000,2024-04-08 15:47:53,False
BID000176,TEN0033,VEN0106,1480000,2024-04-16 14:33:05,False
BID000177,TEN0033,VEN0071,1314000,2024-04-24 11:06:01,False
BID000178,TEN0033,VEN0051,1344000,2024-04-16 11:44:27,False
BID000179,TEN0033,VEN0002,1282000,2024-04-16 12:41:02,False
BID000180,TEN0033,VEN0008,1269000,2024-04-24 15:31:16,True
BID000181,TEN0034,VEN0036,13250000,2021-02-02 14:34:22,True
BID000182,TEN0034,VEN0056,13860000,2021-01-28 17:46:33,False
BID000183,TEN0034,VEN0001,18187000,2021-03-09 16:09:05,False
BID000184,TEN0034,VEN0104,16451000,2021-02-23 11:53:21,False
BID000185,TEN0034,VEN0074,15104000,2021-02-27 14:02:53,False
BID000186,TEN0035,VEN0006,4419000,2025-01-05 11:14:41,False
BID000187,TEN0035,VEN0012,5243000,2025-01-10 13:39:57,False
BID000188,TEN0035,VEN0095,4996000,2025-01-18 09:54:10,False
BID000189,TEN0035,VEN0084,4195000,2025-01-24 00:00:00,True
BID000190,TEN0035,VEN0103,5477000,2025-01-04 12:31:17,False
BID000191,TEN0035,VEN0090,5179000,2024-12-26 15:07:06,False
BID000192,TEN0035,VEN0064,4694000,2025-01-07 16:12:11,False
BID000193,TEN0035,VEN0028,4344000,2024-12-29 11:25:59,False
BID000194,TEN0036,VEN0044,674000,2021-10-21 11:54:45,False
BID000195,TEN0036,VEN0068,605000,2021-09-22 13:34:56,False
BID000196,TEN0036,VEN0039,883000,2021-09-30 15:27:15,False
BID000197,TEN0036,VEN0063,795000,2021-10-13 13:37:19,False
BID000198,TEN0036,VEN0077,558000,2021-09-17 14:03:26,True
BID000199,TEN0036,VEN0088,743000,2021-10-25 10:37:16,False
BID000200,TEN0037,VEN0104,7409000,2024-11-28 15:29:14,False
BID000201,TEN0037,VEN0083,4453000,2024-11-22 10:40:07,True
BID000202,TEN0038,VEN0115,8386000,2024-06-07 16:37:58,False
BID000203,TEN0038,VEN0030,8623000,2024-06-19 15:02:57,False
BID000204,TEN0038,VEN0070,8459000,2024-06-26 16:32:42,False
BID000205,TEN0038,VEN0076,8626000,2024-06-13 14:43:37,False
BID000206,TEN0038,VEN0017,9230000,2024-06-20 16:03:54,False
BID000207,TEN0038,VEN0020,9366000,2024-05-31 17:43:54,False
BID000208,TEN0038,VEN0004,6554000,2024-06-02 14:30:16,True
BID000209,TEN0038,VEN0109,8047000,2024-06-27 16:06:24,False
BID000210,TEN0039,VEN0084,7811000,2022-12-03 17:41:36,False
BID000211,TEN0039,VEN0038,6457000,2022-11-29 13:16:54,False
BID000212,TEN0039,VEN0019,11235000,2022-11-19 17:31:00,True
BID000213,TEN0039,VEN0090,7345000,2022-12-12 00:00:00,False
BID000214,TEN0039,VEN0092,7560000,2022-11-04 12:55:40,False
BID000215,TEN0040,VEN0016,1082000,2024-05-29 10:42:24,False
BID000216,TEN0040,VEN0105,1112000,2024-05-26 12:59:27,False
BID000217,TEN0040,VEN0089,1153000,2024-06-05 00:00:00,False
BID000218,TEN0040,VEN0106,1128000,2024-05-25 16:29:22,False
BID000219,TEN0040,VEN0080,1255000,2024-05-23 10:48:31,False
BID000220,TEN0040,VEN0071,1058000,2024-05-25 11:17:46,False
BID000221,TEN0040,VEN0098,945000,2024-05-17 16:20:29,True
BID000222,TEN0041,VEN0088,3505000,2021-03-26 09:47:36,False
BID000223,TEN0041,VEN0044,3353000,2021-02-21 16:40:32,True
BID000224,TEN0042,VEN0095,4703000,2023-04-01 13:06:04,False
BID000225,TEN0042,VEN0012,3887000,2023-03-26 17:27:14,False
BID000226,TEN0042,VEN0028,3497000,2023-03-22 17:10:53,True
BID000227,TEN0042,VEN0090,4184000,2023-03-30 17:36:42,False
BID000228,TEN0042,VEN0093,5161000,2023-04-08 14:24:03,False
BID000229,TEN0043,VEN0038,1080000,2021-07-19 09:50:02,True
BID000230,TEN0043,VEN0090,1158000,2021-06-30 09:33:10,False
BID000231,TEN0043,VEN0095,1120000,2021-07-28 11:05:54,False
BID000232,TEN0043,VEN0084,1424000,2021-07-11 11:50:29,False
BID000233,TEN0044,VEN0063,706000,2022-03-20 13:53:23,False
BID000234,TEN0044,VEN0032,724000,2022-03-08 17:35:58,False
BID000235,TEN0044,VEN0022,761000,2022-03-26 13:01:16,False
BID000236,TEN0044,VEN0097,700000,2022-02-28 15:52:46,False
BID000237,TEN0044,VEN0096,742000,2022-03-20 17:39:42,False
BID000238,TEN0044,VEN0111,669000,2022-02-18 16:10:04,True
BID000239,TEN0044,VEN0039,685000,2022-02-12 17:58:27,False
BID000240,TEN0045,VEN0089,2138000,2023-07-21 09:44:57,False
BID000241,TEN0045,VEN0014,1619000,2023-07-25 15:28:58,True
BID000242,TEN0045,VEN0105,1857000,2023-08-03 13:06:53,False
BID000243,TEN0045,VEN0051,1717000,2023-08-08 09:57:54,False
BID000244,TEN0046,VEN0099,552000,2024-10-26 16:23:08,True
BID000245,TEN0046,VEN0025,619000,2024-10-23 16:36:36,False
BID000246,TEN0047,VEN0050,1453000,2023-10-09 17:32:46,False
BID000247,TEN0047,VEN0015,1138000,2023-10-21 13:02:20,False
BID000248,TEN0047,VEN0085,1042000,2023-10-09 17:34:43,True
BID000249,TEN0047,VEN0002,1340000,2023-10-25 17:20:58,False
BID000250,TEN0048,VEN0081,6621000,2023-08-20 13:58:42,False
BID000251,TEN0048,VEN0037,5935000,2023-09-02 14:48:24,False
BID000252,TEN0048,VEN0012,6295000,2023-08-19 12:18:49,False
BID000253,TEN0048,VEN0019,6397000,2023-08-29 10:57:13,False
BID000254,TEN0048,VEN0064,7868000,2023-08-30 09:47:43,False
BID000255,TEN0048,VEN0093,5761000,2023-09-03 14:42:31,False
BID000256,TEN0048,VEN0103,5707000,2023-08-20 09:30:43,True
BID000257,TEN0049,VEN0020,6182000,2024-03-08 11:05:16,False
BID000258,TEN0049,VEN0004,5043000,2024-02-20 13:58:59,True
BID000259,TEN0049,VEN0029,6625000,2024-03-19 00:00:00,False
BID000260,TEN0050,VEN0053,4730000,2022-04-15 16:14:54,False
BID000261,TEN0050,VEN0039,5260000,2022-03-21 11:31:06,False
BID000262,TEN0050,VEN0119,6298000,2022-03-21 17:52:18,False
BID000263,TEN0050,VEN0094,4227000,2022-04-06 12:07:23,True
BID000264,TEN0050,VEN0009,5848000,2022-03-18 11:08:16,False
BID000265,TEN0050,VEN0063,5244000,2022-04-03 09:55:49,False
BID000266,TEN0050,VEN0096,6076000,2022-04-05 11:40:00,False
BID000267,TEN0050,VEN0078,4457000,2022-04-18 00:00:00,False
BID000268,TEN0051,VEN0001,16433000,2024-01-23 00:00:00,False
BID000269,TEN0051,VEN0083,12835000,2024-01-04 17:52:54,True
BID000270,TEN0051,VEN0010,16391000,2024-01-18 16:29:38,False
BID000271,TEN0052,VEN0099,213000,2024-05-17 09:06:54,False
BID000277,TEN0052,VEN0098,168000,2024-06-03 14:55:41,True
BID000278,TEN0053,VEN0110,1312000,2024-05-17 15:44:57,True
BID000279,TEN0053,VEN0025,1379000,2024-04-30 09:30:45,False
BID000280,TEN0053,VEN0040,1499000,2024-06-02 14:15:44,False
BID000283,TEN0054,VEN0058,36926000,2022-04-04 14:23:56,True
BID000285,TEN0054,VEN0023,48250000,2022-03-11 16:58:41,False
BID000287,TEN0055,VEN0064,8860000,2023-09-15 12:35:57,False
BID000288,TEN0055,VEN0092,7204000,2023-10-10 12:48:36,False
BID000289,TEN0055,VEN0095,8622000,2023-09-11 13:36:21,False
BID000290,TEN0055,VEN0090,7204000,2023-09-22 09:00:24,False
BID000291,TEN0055,VEN0012,7735000,2023-09-24 12:25:47,False
BID000292,TEN0055,VEN0024,6263000,2023-09-20 15:31:30,True
BID000293,TEN0055,VEN0035,6418000,2023-09-24 13:30:38,False
BID000294,TEN0056,VEN0047,4752000,2021-07-02 14:52:06,False
BID000295,TEN0056,VEN0115,4142000,2021-07-10 09:11:03,True
BID000296,TEN0057,VEN0074,50942000,2023-12-31 13:20:16,False
BID000297,TEN0057,VEN0118,41121000,2023-12-31 17:21:04,False
BID000298,TEN0057,VEN0102,36127000,2024-01-10 12:30:54,True
BID000299,TEN0057,VEN0087,51217000,2024-01-11 16:03:08,False
BID000300,TEN0058,VEN0068,13471000,2023-10-01 16:21:56,False
BID000301,TEN0058,VEN0063,12899000,2023-08-31 10:59:30,False
BID000302,TEN0058,VEN0088,13123000,2023-09-07 17:50:24,False
BID000303,TEN0058,VEN0022,12827000,2023-09-24 16:29:19,False
BID000304,TEN0058,VEN0096,12168000,2023-09-16 10:26:56,True
BID000305,TEN0058,VEN0094,14171000,2023-09-18 17:14:24,False
BID000306,TEN0058,VEN0119,14021000,2023-09-03 16:34:32,False
BID000307,TEN0059,VEN0022,15876000,2022-09-28 16:00:03,False
BID000308,TEN0059,VEN0096,12179000,2022-09-18 09:37:25,True
BID000309,TEN0059,VEN0044,13989000,2022-10-02 00:00:00,False
BID000310,TEN0059,VEN0039,15905000,2022-09-16 09:49:10,False
BID000311,TEN0059,VEN0032,15721000,2022-09-12 10:50:45,False
BID000312,TEN0060,VEN0077,10648000,2023-09-02 13:22:00,True
BID000313,TEN0060,VEN0078,14202000,2023-09-12 16:48:35,False
BID000314,TEN0060,VEN0094,13439000,2023-08-21 17:13:56,False
BID000315,TEN0060,VEN0066,16316000,2023-09-04 10:49:41,False
BID000316,TEN0060,VEN0063,15981000,2023-09-29 15:08:19,False
BID000317,TEN0060,VEN0088,14477000,2023-09-26 17:21:19,False
BID000318,TEN0060,VEN0044,13110000,2023-09-19 10:19:51,False
BID000319,TEN0061,VEN0022,7438000,2024-06-03 12:26:53,False
BID000320,TEN0061,VEN0009,7797000,2024-05-16 14:06:06,False
BID000321,TEN0061,VEN0039,7519000,2024-05-31 13:25:32,False
BID000322,TEN0061,VEN0032,8646000,2024-06-03 11:33:30,False
BID000323,TEN0061,VEN0053,7293000,2024-06-06 14:27:37,True
BID000324,TEN0062,VEN0111,8131000,2024-02-02 13:33:12,True
BID000325,TEN0062,VEN0053,8494000,2024-03-07 12:59:22,False
BID000326,TEN0063,VEN0016,1180000,2022-08-14 10:35:49,False
BID000327,TEN0063,VEN0099,1191000,2022-08-23 17:34:16,False
BID000328,TEN0063,VEN0003,1099000,2022-08-12 12:05:25,False
BID000329,TEN0063,VEN0015,1078000,2022-08-11 17:28:16,True
BID000330,TEN0063,VEN0002,1188000,2022-09-05 15:02:25,False
BID000331,TEN0063,VEN0107,1113000,2022-08-28 17:04:04,False
BID000332,TEN0063,VEN0049,1283000,2022-08-13 17:58:04,False
BID000333,TEN0064,VEN0060,843000,2024-04-10 10:35:32,False
BID000334,TEN0064,VEN0098,609000,2024-04-24 09:24:41,True
BID000335,TEN0064,VEN0071,776000,2024-04-08 15:01:56,False
BID000336,TEN0064,VEN0080,715000,2024-05-09 10:18:43,False
BID000337,TEN0064,VEN0059,716000,2024-04-07 11:26:42,False
BID000338,TEN0064,VEN0050,792000,2024-05-15 10:16:44,False
BID000339,TEN0065,VEN0115,11521000,2023-10-18 13:31:10,False
BID000340,TEN0065,VEN0017,8505000,2023-11-01 17:20:00,False
BID000341,TEN0065,VEN0021,11617000,2023-10-17 12:30:16,False
BID000342,TEN0065,VEN0076,8647000,2023-10-11 15:44:04,False
BID000343,TEN0065,VEN0082,9009000,2023-10-08 15:44:22,False
BID000344,TEN0065,VEN0079,8066000,2023-10-28 14:16:01,True
BID000345,TEN0065,VEN0114,8674000,2023-10-22 14:28:21,False
BID000346,TEN0066,VEN0091,809000,2023-06-26 13:08:19,False
BID000347,TEN0066,VEN0021,758000,2023-05-31 11:26:03,True
BID000348,TEN0066,VEN0076,848000,2023-06-07 11:13:05,False
BID000349,TEN0066,VEN0031,769000,2023-06-18 11:52:33,False
BID000350,TEN0066,VEN0055,825000,2023-06-21 13:10:03,False
BID000351,TEN0067,VEN0015,620000,2022-12-02 10:28:27,False
BID000352,TEN0067,VEN0003,703000,2022-12-26 14:42:00,False
BID000353,TEN0067,VEN0099,509000,2022-12-11 14:30:26,False
BID000354,TEN0067,VEN0025,706000,2022-11-14 15:12:55,False
BID000355,TEN0067,VEN0080,706000,2022-12-25 11:13:35,False
BID000356,TEN0067,VEN0050,484000,2022-12-16 10:23:08,True
BID000357,TEN0067,VEN0105,554000,2022-12-09 09:33:55,False
BID000358,TEN0068,VEN0089,1908000,2021-07-04 09:47:56,False
BID000359,TEN0068,VEN0003,2261000,2021-07-08 13:41:15,False
BID000360,TEN0068,VEN0075,1959000,2021-07-12 15:07:23,False
BID000361,TEN0068,VEN0098,1719000,2021-07-14 17:36:58,True
BID000362,TEN0068,VEN0110,2515000,2021-06-29 10:09:04,False
BID000363,TEN0068,VEN0105,2327000,2021-07-16 15:47:57,False
BID000364,TEN0069,VEN0041,3415000,2021-04-29 10:39:00,False
BID000365,TEN0069,VEN0056,3681000,2021-05-16 09:09:59,False
BID000366,TEN0069,VEN0052,3216000,2021-05-02 13:18:17,True
BID000367,TEN0070,VEN0053,3486000,2024-11-01 14:44:56,False
BID000368,TEN0070,VEN0066,3651000,2024-11-05 16:47:33,False
BID000369,TEN0070,VEN0032,5004000,2024-11-17 09:29:31,True
BID000370,TEN0071,VEN0074,38416000,2024-10-31 17:28:14,False
BID000371,TEN0071,VEN0069,38490000,2024-10-11 09:24:43,False
BID000372,TEN0071,VEN0058,38734000,2024-10-02 13:09:21,False
BID000373,TEN0071,VEN0056,36931000,2024-10-02 13:16:05,False
BID000374,TEN0071,VEN0041,32126000,2024-11-07 11:53:48,True
BID000375,TEN0072,VEN0096,4054000,2022-08-12 16:13:51,True
BID000376,TEN0072,VEN0111,5084000,2022-07-30 10:47:51,False
BID000377,TEN0072,VEN0044,5247000,2022-07-31 12:12:48,False
BID000378,TEN0072,VEN0032,5338000,2022-08-07 13:10:28,False
BID000379,TEN0072,VEN0088,4089000,2022-08-04 09:16:17,False
BID000380,TEN0072,VEN0066,4428000,2022-07-31 17:32:10,False
BID000381,TEN0072,VEN0078,4509000,2022-08-13 14:16:27,False
BID000382,TEN0072,VEN0068,5513000,2022-08-14 00:00:00,False
BID000383,TEN0073,VEN0071,441000,2021-10-22 15:23:14,False
BID000384,TEN0073,VEN0112,428000,2021-10-15 12:07:05,False
BID000385,TEN0073,VEN0080,452000,2021-10-24 09:50:35,False
BID000386,TEN0073,VEN0040,380000,2021-10-19 09:29:58,True
BID000387,TEN0073,VEN0085,505000,2021-10-20 17:47:53,False
BID000388,TEN0073,VEN0026,382000,2021-10-21 14:52:56,False
BID000389,TEN0073,VEN0105,417000,2021-10-24 16:28:03,False
BID000390,TEN0074,VEN0053,10208000,2024-12-11 17:08:52,False
BID000391,TEN0074,VEN0077,9281000,2024-12-12 11:57:16,True
BID000392,TEN0075,VEN0099,939000,2022-08-13 15:42:02,True
BID000393,TEN0075,VEN0060,781000,2022-08-15 17:17:58,False
BID000394,TEN0076,VEN0009,3084000,2022-09-15 10:32:21,False
BID000395,TEN0076,VEN0119,2773000,2022-09-03 09:06:05,False
BID000396,TEN0076,VEN0068,3118000,2022-09-06 09:49:14,False
BID000397,TEN0076,VEN0032,2646000,2022-09-22 09:09:54,True
BID000398,TEN0077,VEN0058,30674000,2024-01-18 09:32:45,False
BID000399,TEN0077,VEN0033,26781000,2024-02-06 13:46:46,True
BID000400,TEN0077,VEN0041,32116000,2024-02-05 11:33:16,False
BID000401,TEN0077,VEN0036,27361000,2024-01-05 11:43:06,False
BID000402,TEN0077,VEN0100,33449000,2024-01-05 10:10:31,False
BID000403,TEN0078,VEN0013,1829000,2021-12-26 13:32:55,False
BID000404,TEN0078,VEN0016,1816000,2021-12-14 10:59:03,False
BID000405,TEN0078,VEN0003,1610000,2021-12-08 15:09:22,False
BID000406,TEN0078,VEN0042,1645000,2021-12-30 15:04:42,False
BID000407,TEN0078,VEN0089,1904000,2021-12-07 13:45:51,False
BID000408,TEN0078,VEN0025,1492000,2021-12-02 15:36:59,True
BID000409,TEN0079,VEN0081,8248000,2021-03-04 13:55:15,False
BID000410,TEN0079,VEN0006,8978000,2021-03-03 16:19:51,False
BID000411,TEN0079,VEN0093,7743000,2021-03-02 11:16:21,False
BID000412,TEN0079,VEN0095,8988000,2021-03-08 15:38:01,False
BID000413,TEN0079,VEN0035,9622000,2021-02-19 16:08:28,False
BID000414,TEN0079,VEN0061,7403000,2021-03-08 10:12:14,False
BID000415,TEN0079,VEN0090,6833000,2021-02-27 09:17:28,True
BID000416,TEN0080,VEN0006,6579000,2021-02-16 14:20:30,False
BID000417,TEN0080,VEN0081,4907000,2021-01-30 15:28:21,False
BID000418,TEN0080,VEN0019,4892000,2021-02-03 14:12:36,True
BID000419,TEN0080,VEN0092,5040000,2021-01-13 16:35:06,False
BID000420,TEN0080,VEN0090,5637000,2021-01-31 11:37:10,False
BID000421,TEN0080,VEN0095,7094000,2021-02-06 09:11:44,False
BID000422,TEN0080,VEN0038,5646000,2021-01-12 10:34:06,False
BID000423,TEN0081,VEN0117,11628000,2024-01-05 13:34:42,False
BID000424,TEN0081,VEN0104,11129000,2023-12-14 15:27:59,False
BID000425,TEN0081,VEN0083,9300000,2023-12-22 15:27:46,True
BID000426,TEN0081,VEN0041,10457000,2024-01-04 11:31:45,False
BID000427,TEN0081,VEN0007,12383000,2024-01-05 10:51:10,False
BID000428,TEN0081,VEN0045,11228000,2024-01-02 10:22:58,False
BID000429,TEN0082,VEN0104,23861000,2024-12-09 15:07:26,False
BID000430,TEN0082,VEN0072,23119000,2024-12-29 11:06:34,False
BID000431,TEN0082,VEN0036,22071000,2024-12-11 12:46:24,True
BID000432,TEN0082,VEN0102,24336000,2024-12-30 09:41:56,False
BID000433,TEN0082,VEN0074,28087000,2024-12-16 12:09:08,False
BID000434,TEN0083,VEN0073,4229000,2023-09-23 09:23:55,True
BID000435,TEN0083,VEN0070,5371000,2023-11-05 00:00:00,False
BID000436,TEN0083,VEN0109,5024000,2023-10-24 16:02:10,False
BID000437,TEN0083,VEN0034,4484000,2023-10-07 09:41:43,False
BID000438,TEN0083,VEN0116,4490000,2023-10-14 09:54:52,False
BID000439,TEN0084,VEN0023,18953000,2022-03-12 15:52:26,False
BID000440,TEN0084,VEN0018,15691000,2022-03-27 15:01:06,False
BID000441,TEN0084,VEN0102,14198000,2022-03-12 17:50:28,True
BID000442,TEN0085,VEN0027,714000,2023-09-29 12:52:03,False
BID000443,TEN0085,VEN0073,649000,2023-10-06 00:00:00,False
BID000444,TEN0085,VEN0020,767000,2023-09-18 16:16:59,False
BID000445,TEN0085,VEN0031,550000,2023-09-30 11:13:59,True
BID000446,TEN0085,VEN0005,623000,2023-10-02 17:19:56,False
BID000447,TEN0085,VEN0047,676000,2023-09-27 13:38:07,False
BID000448,TEN0085,VEN0109,717000,2023-10-04 17:36:54,False
BID000449,TEN0086,VEN0058,22543000,2025-01-04 09:00:12,False
BID000450,TEN0086,VEN0045,22422000,2025-02-07 09:23:39,False
BID000451,TEN0086,VEN0001,19907000,2025-01-28 15:48:32,False
BID000452,TEN0086,VEN0023,18371000,2024-12-28 12:47:20,False
BID000453,TEN0086,VEN0102,18955000,2025-01-22 14:06:08,False
BID000454,TEN0086,VEN0056,15766000,2025-01-03 10:57:55,True
BID000455,TEN0086,VEN0052,18657000,2025-02-04 13:12:08,False
BID000456,TEN0087,VEN0037,1471000,2021-09-08 14:43:18,False
BID000457,TEN0087,VEN0064,1176000,2021-09-04 10:22:24,True
BID000458,TEN0088,VEN0118,3702000,2021-02-17 10:52:45,False
BID000459,TEN0088,VEN0087,2607000,2021-02-27 09:05:18,True
BID000460,TEN0088,VEN0018,2963000,2021-03-02 14:09:17,False
BID000461,TEN0088,VEN0120,3769000,2021-02-14 17:05:23,False
BID000462,TEN0088,VEN0041,2989000,2021-02-21 13:43:37,False
BID000463,TEN0088,VEN0102,2849000,2021-02-22 17:53:20,False
BID000464,TEN0088,VEN0058,3436000,2021-02-24 10:36:17,False
BID000465,TEN0088,VEN0056,3087000,2021-02-21 14:41:11,False
BID000466,TEN0089,VEN0015,2335000,2022-06-13 10:46:37,False
BID000467,TEN0089,VEN0060,2348000,2022-05-23 10:07:20,False
BID000468,TEN0089,VEN0098,2505000,2022-05-24 13:29:58,False
BID000469,TEN0089,VEN0108,2258000,2022-06-11 17:20:48,True
BID000470,TEN0089,VEN0112,2470000,2022-06-05 16:30:39,False
BID000471,TEN0090,VEN0005,9669000,2022-04-24 14:30:57,False
BID000472,TEN0090,VEN0030,10352000,2022-05-09 14:54:41,False
BID000473,TEN0090,VEN0082,7980000,2022-05-18 11:37:27,False
BID000474,TEN0090,VEN0021,8549000,2022-05-26 16:13:41,False
BID000475,TEN0090,VEN0076,9897000,2022-05-27 15:09:08,False
BID000476,TEN0090,VEN0109,11213000,2022-05-15 16:12:21,False
BID000477,TEN0090,VEN0004,7717000,2022-04-21 15:09:32,True
BID000478,TEN0091,VEN0114,1701000,2021-05-20 14:08:19,False
BID000479,TEN0091,VEN0073,1356000,2021-06-21 12:49:06,True
BID000480,TEN0091,VEN0021,1643000,2021-05-20 10:09:02,False
BID000481,TEN0091,VEN0109,1978000,2021-07-02 13:17:00,False
BID000482,TEN0091,VEN0004,1750000,2021-05-13 10:42:51,False
BID000483,TEN0092,VEN0112,1297000,2023-09-16 17:57:41,False
BID000484,TEN0092,VEN0085,1011000,2023-10-13 13:03:16,False
BID000485,TEN0092,VEN0049,893000,2023-10-10 11:45:12,True
BID000486,TEN0092,VEN0002,928000,2023-09-19 13:32:49,False
BID000487,TEN0092,VEN0015,1068000,2023-09-15 11:30:29,False
BID000488,TEN0092,VEN0014,1101000,2023-10-15 15:47:51,False
BID000489,TEN0093,VEN0065,6893000,2025-01-10 13:25:00,False
BID000490,TEN0093,VEN0021,6608000,2025-01-16 14:04:02,False
BID000491,TEN0093,VEN0082,6146000,2025-01-20 13:23:12,True
BID000492,TEN0093,VEN0115,8917000,2025-01-03 14:29:56,False
BID000493,TEN0093,VEN0029,9544000,2025-01-18 13:09:34,False
BID000494,TEN0093,VEN0047,6539000,2025-01-10 13:17:17,False
BID000495,TEN0094,VEN0009,5801000,2023-03-19 12:27:49,False
BID000496,TEN0094,VEN0044,4977000,2023-03-20 09:59:44,True
BID000497,TEN0094,VEN0097,5416000,2023-03-17 10:43:52,False
BID000498,TEN0095,VEN0053,6260000,2022-08-12 13:56:28,False
BID000499,TEN0095,VEN0119,6101000,2022-08-08 09:17:29,False
BID000500,TEN0095,VEN0097,6099000,2022-08-24 17:18:21,True
BID000501,TEN0096,VEN0076,8237000,2021-08-29 12:16:21,False
BID000502,TEN0096,VEN0073,8673000,2021-09-07 17:05:26,False
BID000503,TEN0096,VEN0079,7756000,2021-08-16 10:16:59,False
BID000504,TEN0096,VEN0054,6899000,2021-08-16 10:21:31,False
BID000505,TEN0096,VEN0116,7334000,2021-09-05 12:28:25,False
BID000506,TEN0096,VEN0020,5729000,2021-08-18 12:09:03,True
BID000507,TEN0096,VEN0065,8350000,2021-09-16 13:57:12,False
BID000508,TEN0097,VEN0066,14725000,2024-06-26 10:55:45,False
BID000509,TEN0097,VEN0039,12886000,2024-06-26 14:57:58,True
BID000510,TEN0097,VEN0094,14395000,2024-07-15 15:33:55,False
BID000511,TEN0097,VEN0088,14828000,2024-07-07 14:56:42,False
BID000512,TEN0098,VEN0095,4273000,2022-10-09 12:58:32,True
BID000513,TEN0098,VEN0064,6425000,2022-09-23 14:52:06,False
BID000514,TEN0098,VEN0081,5159000,2022-09-18 11:21:46,False
BID000515,TEN0098,VEN0028,4380000,2022-10-07 17:44:34,False
BID000516,TEN0098,VEN0046,5912000,2022-09-18 13:41:59,False
BID000517,TEN0098,VEN0024,5426000,2022-10-15 15:57:36,False
BID000518,TEN0098,VEN0035,5372000,2022-09-20 12:39:49,False
BID000519,TEN0098,VEN0103,5419000,2022-10-07 12:49:58,False
BID000520,TEN0099,VEN0049,1158000,2021-09-03 09:05:31,True
BID000521,TEN0099,VEN0051,1307000,2021-08-18 09:17:29,False
BID000522,TEN0099,VEN0013,1531000,2021-08-07 16:35:29,False
BID000523,TEN0099,VEN0059,1221000,2021-08-29 10:30:33,False
BID000524,TEN0099,VEN0050,1701000,2021-09-04 14:19:29,False
BID000525,TEN0099,VEN0014,1490000,2021-08-27 14:43:19,False
BID000526,TEN0099,VEN0075,1184000,2021-09-04 12:36:46,False
BID000527,TEN0100,VEN0024,1283000,2022-08-15 14:02:46,False
BID000528,TEN0100,VEN0090,1286000,2022-08-16 16:42:01,False
BID000529,TEN0100,VEN0006,1642000,2022-07-27 15:06:40,False
BID000530,TEN0100,VEN0081,1451000,2022-08-17 16:37:22,False
BID000531,TEN0100,VEN0101,1159000,2022-09-04 16:51:36,False
BID000532,TEN0100,VEN0037,1345000,2022-08-18 14:57:52,False
BID000533,TEN0100,VEN0093,1141000,2022-08-05 11:20:39,True
BID000534,TEN0101,VEN0078,7743000,2023-06-27 17:15:21,False
BID000535,TEN0101,VEN0097,8973000,2023-06-25 16:26:02,False
BID000536,TEN0101,VEN0066,7323000,2023-06-19 15:45:02,True
BID000537,TEN0101,VEN0068,8268000,2023-06-07 10:47:04,False
BID000538,TEN0102,VEN0023,19941000,2021-03-24 14:01:21,False
BID000539,TEN0102,VEN0010,15113000,2021-03-05 15:39:26,True
BID000540,TEN0102,VEN0036,19556000,2021-03-12 09:55:45,False
BID000541,TEN0102,VEN0033,15779000,2021-03-14 10:55:22,False
BID000542,TEN0102,VEN0102,19731000,2021-03-22 17:32:53,False
BID000543,TEN0102,VEN0056,17122000,2021-03-11 17:32:49,False
BID000544,TEN0102,VEN0117,19238000,2021-03-11 11:07:34,False
BID000545,TEN0102,VEN0058,18011000,2021-03-24 09:42:06,False
BID000546,TEN0103,VEN0048,3817000,2024-01-30 11:47:07,False
BID000547,TEN0103,VEN0012,3741000,2024-01-05 09:57:49,False
BID000548,TEN0103,VEN0024,3466000,2023-12-08 16:47:21,False
BID000549,TEN0103,VEN0103,3713000,2023-12-15 17:04:52,False
BID000550,TEN0103,VEN0092,4014000,2024-01-16 15:54:53,False
BID000551,TEN0103,VEN0084,3091000,2024-01-12 10:29:05,True
BID000552,TEN0103,VEN0006,3419000,2023-12-19 11:40:52,False
BID000553,TEN0103,VEN0035,5085000,2024-01-23 14:26:43,False
BID000554,TEN0104,VEN0111,4390000,2023-02-06 09:44:34,False
BID000555,TEN0104,VEN0088,3995000,2023-02-07 13:25:58,True
BID000556,TEN0105,VEN0029,5663000,2021-12-09 16:30:27,False
BID000557,TEN0105,VEN0030,5864000,2021-11-11 09:56:54,False
BID000558,TEN0105,VEN0091,4323000,2021-11-20 14:56:18,True
BID000559,TEN0106,VEN0028,1852000,2021-02-25 12:54:39,True
BID000560,TEN0106,VEN0061,1976000,2021-02-15 16:54:24,False
BID000561,TEN0107,VEN0085,557000,2024-06-23 17:08:28,False
BID000562,TEN0107,VEN0107,610000,2024-06-10 13:30:56,False
BID000563,TEN0107,VEN0049,512000,2024-06-15 17:53:40,False
BID000564,TEN0107,VEN0042,479000,2024-06-18 09:09:10,True
BID000565,TEN0107,VEN0059,604000,2024-06-12 17:21:45,False
BID000566,TEN0107,VEN0108,498000,2024-06-10 14:16:54,False
BID000567,TEN0108,VEN0098,1331000,2021-07-21 09:55:59,False
BID000568,TEN0108,VEN0110,1524000,2021-08-03 12:47:09,False
BID000569,TEN0108,VEN0099,1273000,2021-07-04 12:32:59,True
BID000570,TEN0108,VEN0042,1420000,2021-07-20 11:30:31,False
BID000571,TEN0108,VEN0105,1372000,2021-07-30 12:02:27,False
BID000572,TEN0108,VEN0059,1725000,2021-07-26 10:38:27,False
BID000573,TEN0109,VEN0025,311000,2022-07-02 12:49:18,False
BID000574,TEN0109,VEN0014,256000,2022-07-02 13:20:51,False
BID000575,TEN0109,VEN0106,237000,2022-08-11 14:12:02,True
BID000576,TEN0109,VEN0042,274000,2022-07-26 09:42:22,False
BID000577,TEN0109,VEN0043,267000,2022-07-25 16:26:07,False
BID000578,TEN0110,VEN0084,2478000,2022-07-30 11:44:20,False
BID000579,TEN0110,VEN0092,2400000,2022-08-02 17:35:22,False
BID000580,TEN0110,VEN0101,2778000,2022-08-09 12:25:16,False
BID000581,TEN0110,VEN0090,2440000,2022-07-14 12:50:30,False
BID000582,TEN0110,VEN0048,2263000,2022-07-25 15:24:41,True
BID000583,TEN0110,VEN0028,2487000,2022-08-17 14:30:47,False
BID000584,TEN0111,VEN0077,5115000,2022-11-11 13:49:43,True
BID000585,TEN0111,VEN0063,5948000,2022-12-05 10:21:25,False
BID000586,TEN0112,VEN0046,1419000,2021-12-06 17:23:26,False
BID000587,TEN0112,VEN0037,2030000,2021-12-02 11:30:21,True
BID000588,TEN0112,VEN0067,1406000,2021-11-25 12:43:13,False
BID000589,TEN0112,VEN0061,1615000,2021-11-30 10:37:53,False
BID000590,TEN0112,VEN0024,1454000,2021-12-16 17:10:13,False
BID000591,TEN0112,VEN0012,1359000,2021-12-21 12:37:09,False
BID000592,TEN0113,VEN0043,347000,2023-11-07 12:51:53,False
BID000593,TEN0113,VEN0014,381000,2023-11-15 15:09:41,False
BID000594,TEN0113,VEN0059,315000,2023-11-17 13:57:43,False
BID000595,TEN0113,VEN0042,430000,2023-12-09 11:20:42,False
BID000596,TEN0113,VEN0003,403000,2023-11-25 09:27:38,False
BID000597,TEN0113,VEN0016,284000,2023-12-07 14:05:14,True
BID000598,TEN0113,VEN0105,304000,2023-12-01 15:48:13,False
BID000599,TEN0113,VEN0107,315000,2023-12-09 14:47:55,False
BID000600,TEN0114,VEN0076,3992000,2024-04-17 10:01:30,True
BID000601,TEN0114,VEN0091,5103000,2024-04-20 15:11:51,False
BID000602,TEN0114,VEN0114,5415000,2024-04-30 09:06:48,False
BID000603,TEN0114,VEN0030,5925000,2024-05-20 17:03:09,False
BID000604,TEN0114,VEN0004,5114000,2024-04-29 15:03:45,False
BID000605,TEN0115,VEN0052,22387000,2024-11-16 13:07:20,False
BID000608,TEN0115,VEN0102,37787000,2024-11-01 17:46:49,True
BID000609,TEN0116,VEN0114,610000,2022-01-14 11:29:46,False
BID000610,TEN0116,VEN0030,711000,2022-01-20 15:35:30,True
BID000611,TEN0117,VEN0052,14081000,2021-10-01 13:59:08,False
BID000612,TEN0117,VEN0056,13349000,2021-10-15 09:34:03,True
BID000613,TEN0117,VEN0010,16784000,2021-10-10 16:37:48,False
BID000614,TEN0117,VEN0087,16797000,2021-10-16 15:37:33,False
BID000615,TEN0117,VEN0118,18005000,2021-11-09 10:39:51,False
BID000616,TEN0118,VEN0085,1260000,2025-01-14 11:33:43,False
BID000617,TEN0118,VEN0040,1243000,2025-01-02 09:30:20,False
BID000618,TEN0118,VEN0008,1003000,2024-12-30 17:53:38,False
BID000619,TEN0118,VEN0051,1405000,2024-12-31 17:54:52,False
BID000620,TEN0118,VEN0062,1182000,2025-01-12 10:13:09,False
BID000621,TEN0118,VEN0112,1265000,2025-01-10 10:03:20,False
BID000622,TEN0118,VEN0015,964000,2025-01-10 13:29:40,True
BID000623,TEN0119,VEN0042,1648000,2022-10-19 15:14:20,False
BID000624,TEN0119,VEN0098,2120000,2022-11-01 09:26:58,False
BID000625,TEN0119,VEN0059,1409000,2022-11-01 09:55:20,True
BID000626,TEN0120,VEN0040,1071000,2024-06-27 16:37:31,False
BID000627,TEN0120,VEN0080,1024000,2024-07-07 09:43:20,True
BID000628,TEN0120,VEN0050,1103000,2024-07-07 14:53:07,False
BID000629,TEN0121,VEN0069,44859000,2024-01-28 11:04:35,False
BID000630,TEN0121,VEN0036,53086000,2024-01-18 15:23:10,False
BID000631,TEN0121,VEN0120,49676000,2024-01-15 14:13:16,False
BID000632,TEN0121,VEN0045,44403000,2024-01-24 14:15:34,False
BID000633,TEN0121,VEN0074,75711000,2024-01-22 13:31:30,True
BID000634,TEN0122,VEN0073,587000,2022-06-23 16:26:31,False
BID000635,TEN0122,VEN0027,566000,2022-06-17 13:58:29,False
BID000636,TEN0122,VEN0020,423000,2022-06-22 09:07:49,True
BID000637,TEN0122,VEN0017,540000,2022-07-03 14:26:47,False
BID000638,TEN0122,VEN0082,451000,2022-06-24 14:35:23,False
BID000639,TEN0122,VEN0029,581000,2022-06-24 12:41:09,False
BID000640,TEN0122,VEN0070,497000,2022-06-15 16:21:54,False
BID000641,TEN0123,VEN0048,4253000,2024-11-10 13:31:28,False
BID000642,TEN0123,VEN0046,3921000,2024-11-12 13:24:12,False
BID000643,TEN0123,VEN0095,3671000,2024-11-25 00:00:00,False
BID000644,TEN0123,VEN0038,3396000,2024-11-08 14:51:05,True
BID000645,TEN0123,VEN0093,4310000,2024-11-10 17:55:52,False
BID000646,TEN0123,VEN0064,4135000,2024-11-05 17:25:18,False
BID000647,TEN0123,VEN0012,4059000,2024-11-19 16:11:43,False
BID000648,TEN0123,VEN0024,4160000,2024-11-11 09:22:47,False
BID000649,TEN0124,VEN0007,15337000,2024-12-09 09:17:29,True
BID000650,TEN0124,VEN0010,22317000,2024-12-10 16:00:22,False
BID000651,TEN0124,VEN0023,18699000,2024-12-21 13:09:41,False
BID000652,TEN0124,VEN0001,18773000,2024-12-27 17:31:13,False
BID000653,TEN0125,VEN0046,8431000,2023-05-07 10:28:23,False
BID000654,TEN0125,VEN0038,5574000,2023-05-23 13:00:13,True
BID000655,TEN0126,VEN0024,5878000,2023-10-31 11:14:47,False
BID000656,TEN0126,VEN0103,8207000,2023-10-20 10:47:59,False
BID000657,TEN0126,VEN0012,7824000,2023-11-10 00:00:00,False
BID000658,TEN0126,VEN0092,7276000,2023-10-31 11:51:02,False
BID000659,TEN0126,VEN0048,5546000,2023-11-02 13:09:22,True
BID000660,TEN0126,VEN0019,6921000,2023-10-23 14:18:35,False
BID000661,TEN0126,VEN0046,7720000,2023-11-06 16:52:17,False
BID000662,TEN0127,VEN0009,7019000,2021-04-16 15:39:41,False
BID000663,TEN0127,VEN0094,6946000,2021-04-06 11:11:07,False
BID000664,TEN0127,VEN0068,6424000,2021-03-24 16:44:22,True
BID000665,TEN0127,VEN0119,6959000,2021-04-17 15:00:37,False
BID000666,TEN0127,VEN0078,6656000,2021-04-29 15:18:49,False
BID000667,TEN0127,VEN0096,7568000,2021-04-29 15:24:41,False
BID000668,TEN0127,VEN0053,6836000,2021-04-24 16:59:55,False
BID000669,TEN0127,VEN0039,6478000,2021-05-11 09:15:19,False
BID000670,TEN0128,VEN0039,6174000,2021-02-08 13:23:29,False
BID000671,TEN0128,VEN0088,5572000,2021-01-25 09:57:36,False
BID000672,TEN0128,VEN0078,6749000,2021-01-23 17:30:26,False
BID000673,TEN0128,VEN0068,6920000,2021-02-02 12:16:51,False
BID000674,TEN0128,VEN0044,5982000,2021-01-24 12:03:15,False
BID000675,TEN0128,VEN0053,6795000,2021-02-10 10:35:12,False
BID000676,TEN0128,VEN0119,4885000,2021-01-30 09:44:26,True
BID000677,TEN0128,VEN0096,6896000,2021-02-14 00:00:00,False
BID000678,TEN0129,VEN0092,4027000,2021-08-28 11:36:32,False
BID000679,TEN0129,VEN0067,5832000,2021-08-31 13:55:09,False
BID000680,TEN0129,VEN0024,6531000,2021-09-05 17:52:15,False
BID000681,TEN0129,VEN0019,5045000,2021-08-26 15:37:31,False
BID000682,TEN0129,VEN0046,4431000,2021-09-03 16:30:49,False
BID000683,TEN0129,VEN0038,4396000,2021-08-29 14:42:47,False
BID000684,TEN0129,VEN0048,5609000,2021-09-08 14:12:25,False
BID000685,TEN0129,VEN0064,3808000,2021-09-14 00:00:00,True
BID000686,TEN0130,VEN0074,5966000,2024-05-24 00:00:00,False
BID000687,TEN0130,VEN0036,6952000,2024-04-26 17:19:34,False
BID000688,TEN0130,VEN0041,5303000,2024-04-29 11:34:10,True
BID000689,TEN0130,VEN0117,5969000,2024-05-20 13:11:46,False
BID000690,TEN0130,VEN0100,5828000,2024-05-05 12:58:23,False
BID000691,TEN0130,VEN0069,6824000,2024-05-10 10:01:43,False
BID000692,TEN0131,VEN0025,132000,2024-03-04 13:39:11,False
BID000693,TEN0131,VEN0086,164000,2024-02-08 13:48:51,False
BID000694,TEN0131,VEN0059,150000,2024-01-17 16:41:53,False
BID000695,TEN0131,VEN0002,143000,2024-02-15 16:50:48,False
BID000696,TEN0131,VEN0085,123000,2024-02-12 13:29:30,False
BID000697,TEN0131,VEN0099,143000,2024-02-22 09:32:29,False
BID000698,TEN0131,VEN0026,111000,2024-03-06 15:31:43,True
BID000699,TEN0131,VEN0050,163000,2024-02-05 17:52:34,False
BID000700,TEN0132,VEN0025,1740000,2024-05-13 09:49:18,False
BID000701,TEN0132,VEN0015,1831000,2024-05-12 11:44:39,False
BID000702,TEN0132,VEN0099,1929000,2024-05-01 13:53:30,False
BID000703,TEN0132,VEN0026,1697000,2024-04-26 12:21:50,False
BID000704,TEN0132,VEN0014,1650000,2024-05-04 14:40:24,True
BID000705,TEN0132,VEN0008,1737000,2024-04-23 16:06:58,False
BID000706,TEN0132,VEN0040,2294000,2024-04-25 10:48:07,False
BID000711,TEN0133,VEN0003,1236000,2022-07-09 17:45:39,True
BID000712,TEN0133,VEN0026,1457000,2022-07-15 12:27:50,False
BID000713,TEN0134,VEN0047,2638000,2024-07-15 16:46:56,True
BID000714,TEN0134,VEN0020,2838000,2024-07-11 16:25:44,False
BID000715,TEN0135,VEN0096,10283000,2022-04-20 14:47:27,False
BID000716,TEN0135,VEN0077,10215000,2022-04-30 15:08:03,False
BID000717,TEN0135,VEN0094,8326000,2022-04-30 15:27:22,False
BID000718,TEN0135,VEN0068,9331000,2022-04-29 14:33:50,False
BID000719,TEN0135,VEN0063,12298000,2022-04-21 13:53:09,False
BID000720,TEN0135,VEN0032,10446000,2022-04-21 11:43:55,False
BID000721,TEN0135,VEN0097,8824000,2022-04-22 14:39:37,False
BID000722,TEN0135,VEN0022,7779000,2022-04-23 16:48:52,True
BID000723,TEN0136,VEN0025,117000,2024-10-05 09:14:42,True
BID000724,TEN0136,VEN0060,117000,2024-10-17 09:05:05,False
BID000725,TEN0136,VEN0110,142000,2024-10-17 09:34:25,False
BID000726,TEN0136,VEN0003,165000,2024-10-17 14:39:55,False
BID000727,TEN0136,VEN0075,145000,2024-10-14 16:45:04,False
BID000728,TEN0136,VEN0112,141000,2024-10-14 17:46:53,False
BID000729,TEN0137,VEN0114,3936000,2024-03-26 12:36:56,False
BID000730,TEN0137,VEN0030,4508000,2024-05-05 00:00:00,False
BID000731,TEN0137,VEN0115,3867000,2024-04-02 12:32:44,True
BID000732,TEN0137,VEN0034,3902000,2024-04-17 13:36:28,False
BID000733,TEN0137,VEN0031,4350000,2024-03-29 13:44:28,False
BID000734,TEN0137,VEN0055,3996000,2024-04-29 12:34:02,False
BID000735,TEN0137,VEN0047,4571000,2024-04-01 11:15:38,False
BID000736,TEN0138,VEN0059,1282000,2022-01-31 09:46:20,False
BID000737,TEN0138,VEN0042,1352000,2022-01-11 10:47:26,False
BID000738,TEN0138,VEN0098,1250000,2022-01-23 14:44:57,False
BID000739,TEN0138,VEN0015,1359000,2022-01-23 12:22:29,False
BID000740,TEN0138,VEN0071,1173000,2022-01-31 10:44:50,False
BID000741,TEN0138,VEN0013,1409000,2022-01-10 13:04:29,False
BID000742,TEN0138,VEN0075,1836000,2022-01-22 12:40:59,True
BID000743,TEN0139,VEN0036,40117000,2021-02-26 12:46:28,False
BID000744,TEN0139,VEN0069,32036000,2021-02-15 11:07:36,False
BID000745,TEN0139,VEN0072,31536000,2021-02-08 17:50:43,False
BID000746,TEN0139,VEN0041,39921000,2021-01-31 11:46:50,False
BID000747,TEN0139,VEN0117,41545000,2021-02-26 14:06:57,False
BID000748,TEN0139,VEN0052,29879000,2021-02-13 12:32:01,True
BID000749,TEN0139,VEN0100,32952000,2021-02-10 11:47:39,False
BID000750,TEN0140,VEN0117,33066000,2021-09-15 12:05:30,False
BID000751,TEN0140,VEN0045,29258000,2021-09-14 14:07:16,True
BID000752,TEN0140,VEN0056,30299000,2021-09-05 11:09:59,False
BID000753,TEN0140,VEN0033,31458000,2021-09-24 09:08:24,False
BID000754,TEN0141,VEN0100,9780000,2024-08-09 14:12:26,False
BID000755,TEN0141,VEN0052,8198000,2024-07-27 11:14:59,False
BID000756,TEN0141,VEN0120,8007000,2024-08-07 12:04:23,True
BID000757,TEN0141,VEN0058,8907000,2024-08-20 12:38:31,False
BID000758,TEN0141,VEN0074,9641000,2024-08-05 13:01:21,False
BID000759,TEN0141,VEN0104,8619000,2024-07-23 17:50:08,False
BID000760,TEN0141,VEN0072,9455000,2024-08-07 11:02:36,False
BID000761,TEN0142,VEN0019,6431000,2022-05-17 12:55:19,True
BID000762,TEN0142,VEN0061,8063000,2022-05-11 13:22:23,False
BID000763,TEN0142,VEN0012,7079000,2022-05-21 14:27:26,False
BID000764,TEN0142,VEN0103,6955000,2022-05-25 15:36:37,False
BID000765,TEN0142,VEN0035,7650000,2022-05-03 11:13:30,False
BID000766,TEN0142,VEN0037,8401000,2022-05-23 11:02:20,False
BID000767,TEN0142,VEN0090,6653000,2022-05-20 15:14:54,False
BID000768,TEN0143,VEN0095,5754000,2022-06-24 16:13:04,False
BID000769,TEN0143,VEN0019,5610000,2022-06-23 11:09:08,False
BID000770,TEN0143,VEN0061,4957000,2022-06-08 11:10:53,True
BID000771,TEN0143,VEN0064,5842000,2022-06-16 13:23:11,False
BID000772,TEN0143,VEN0048,6757000,2022-06-28 00:00:00,False
BID000773,TEN0143,VEN0084,5853000,2022-06-15 10:21:12,False
BID000774,TEN0144,VEN0085,449000,2023-02-02 11:04:07,False
BID000775,TEN0144,VEN0059,407000,2023-01-24 15:52:49,False
BID000776,TEN0144,VEN0060,395000,2023-02-01 16:24:17,False
BID000777,TEN0144,VEN0002,367000,2023-01-20 17:11:41,True
BID000778,TEN0144,VEN0098,390000,2023-02-04 17:39:32,False
BID000779,TEN0144,VEN0107,402000,2023-02-08 00:00:00,False
BID000780,TEN0144,VEN0105,396000,2023-02-07 10:15:37,False
BID000781,TEN0145,VEN0083,14953000,2024-05-11 14:45:16,False
BID000782,TEN0145,VEN0074,11479000,2024-05-23 13:13:14,False
BID000783,TEN0145,VEN0072,11075000,2024-05-20 15:06:51,True
BID000784,TEN0145,VEN0069,15114000,2024-05-10 12:10:19,False
BID000785,TEN0146,VEN0068,15761000,2024-06-24 12:36:48,False
BID000786,TEN0146,VEN0097,13834000,2024-06-18 14:50:24,False
BID000787,TEN0146,VEN0111,11985000,2024-07-20 14:34:11,False
BID000788,TEN0146,VEN0063,15982000,2024-06-23 14:48:03,False
BID000789,TEN0146,VEN0077,10293000,2024-07-07 14:14:33,True
BID000790,TEN0146,VEN0053,11985000,2024-07-23 10:06:54,False
BID000791,TEN0146,VEN0094,15933000,2024-07-25 17:22:42,False
BID000792,TEN0146,VEN0009,12904000,2024-07-26 14:00:48,False
BID000793,TEN0147,VEN0072,7854000,2023-04-24 09:38:09,False
BID000794,TEN0147,VEN0041,7502000,2023-04-18 15:58:05,True
BID000795,TEN0148,VEN0076,8497000,2021-07-05 09:38:33,False
BID000796,TEN0148,VEN0030,9994000,2021-06-22 15:16:09,False
BID000797,TEN0148,VEN0091,7053000,2021-07-12 14:20:34,False
BID000798,TEN0148,VEN0113,9416000,2021-06-23 15:11:14,False
BID000799,TEN0148,VEN0115,6064000,2021-06-19 17:58:55,True
BID000800,TEN0149,VEN0036,35998000,2022-01-15 11:33:23,False
BID000801,TEN0149,VEN0056,39998000,2022-02-04 14:33:43,False
BID000802,TEN0149,VEN0033,42147000,2022-01-15 09:56:15,False
BID000803,TEN0149,VEN0041,55172000,2022-01-20 14:27:24,False
BID000804,TEN0149,VEN0052,35520000,2022-01-06 17:24:15,True
BID000805,TEN0149,VEN0072,49248000,2022-01-20 16:05:24,False
BID000806,TEN0149,VEN0045,48738000,2022-01-04 09:39:35,False
BID000807,TEN0149,VEN0001,41321000,2022-01-17 10:48:08,False
BID000808,TEN0150,VEN0101,5158000,2024-11-19 09:25:32,False
BID000809,TEN0150,VEN0028,4508000,2024-11-30 12:00:39,True
BID000810,TEN0150,VEN0046,4715000,2024-10-05 11:05:15,False
BID000811,TEN0151,VEN0055,7938000,2024-04-06 14:52:59,True
BID000812,TEN0151,VEN0005,9830000,2024-04-21 10:52:56,False
BID000813,TEN0151,VEN0057,10150000,2024-04-13 17:37:37,False
BID000814,TEN0151,VEN0017,10204000,2024-04-10 16:04:26,False
BID000815,TEN0152,VEN0021,1839000,2021-10-16 16:33:10,False
BID000816,TEN0152,VEN0070,1582000,2021-10-28 00:00:00,True
BID000817,TEN0152,VEN0113,1904000,2021-10-01 12:23:45,False
BID000818,TEN0153,VEN0053,7082000,2024-12-11 11:15:28,False
BID000819,TEN0153,VEN0032,9279000,2024-12-03 09:25:18,False
BID000820,TEN0153,VEN0022,8671000,2024-12-14 09:00:32,True
BID000821,TEN0154,VEN0106,387000,2023-12-26 13:24:40,False
BID000822,TEN0154,VEN0015,548000,2023-12-31 13:32:05,False
BID000823,TEN0154,VEN0013,472000,2023-12-28 17:35:29,False
BID000824,TEN0154,VEN0002,353000,2024-01-12 13:10:06,True
BID000825,TEN0155,VEN0038,3671000,2023-11-25 13:46:00,True
BID000826,TEN0155,VEN0037,4850000,2023-12-04 13:23:56,False
BID000827,TEN0155,VEN0012,4125000,2023-12-08 09:57:26,False
BID000828,TEN0155,VEN0095,4049000,2023-11-30 15:36:02,False
BID000829,TEN0155,VEN0061,4834000,2023-12-02 14:46:10,False
BID000830,TEN0156,VEN0049,1302000,2025-01-01 13:50:56,True
BID000831,TEN0156,VEN0075,1763000,2025-01-03 17:49:28,False
BID000832,TEN0156,VEN0110,1503000,2025-01-10 09:26:55,False
BID000833,TEN0157,VEN0056,3073000,2021-10-14 11:58:40,False
BID000834,TEN0157,VEN0036,2566000,2021-10-07 12:16:37,True
BID000835,TEN0157,VEN0102,3099000,2021-10-27 00:00:00,False
BID000836,TEN0158,VEN0038,5312000,2024-08-26 11:26:58,False
BID000837,TEN0158,VEN0012,7560000,2024-07-28 14:58:15,False
BID000838,TEN0158,VEN0095,8387000,2024-07-29 12:13:03,False
BID000839,TEN0158,VEN0061,7507000,2024-08-28 15:53:17,False
BID000840,TEN0158,VEN0006,5470000,2024-09-09 13:02:39,False
BID000841,TEN0158,VEN0101,4986000,2024-09-15 15:44:59,True
BID000842,TEN0159,VEN0045,28955000,2023-02-05 12:40:54,False
BID000843,TEN0159,VEN0102,31020000,2023-01-20 10:23:21,False
BID000844,TEN0159,VEN0036,29575000,2023-02-01 09:57:47,False
BID000845,TEN0159,VEN0087,26766000,2023-01-03 17:49:30,True
BID000846,TEN0160,VEN0031,4134000,2024-12-14 11:13:37,False
BID000847,TEN0160,VEN0054,5247000,2024-12-26 13:45:47,False
BID000848,TEN0160,VEN0029,4029000,2024-12-10 14:42:58,True
BID000849,TEN0160,VEN0109,4764000,2025-01-05 00:00:00,False
BID000850,TEN0160,VEN0027,4894000,2024-12-11 13:03:19,False
BID000851,TEN0160,VEN0091,4955000,2024-12-26 13:00:08,False
BID000852,TEN0160,VEN0114,5451000,2024-12-16 11:56:34,False
BID000853,TEN0161,VEN0041,4419000,2022-09-19 14:42:16,False
BID000854,TEN0161,VEN0100,3873000,2022-09-23 17:49:49,True
BID000855,TEN0162,VEN0071,685000,2023-04-16 12:07:38,False
BID000856,TEN0162,VEN0051,829000,2023-03-04 11:01:55,True
BID000857,TEN0162,VEN0015,755000,2023-04-14 14:53:16,False
BID000858,TEN0162,VEN0062,676000,2023-04-12 09:09:48,False
BID000859,TEN0162,VEN0042,517000,2023-04-22 14:33:36,False
BID000860,TEN0163,VEN0011,7192000,2021-02-04 13:13:02,True
BID000861,TEN0163,VEN0082,7298000,2021-02-02 10:51:01,False
BID000862,TEN0163,VEN0114,7417000,2021-02-25 00:00:00,False
BID000863,TEN0164,VEN0021,1187000,2022-12-07 13:35:36,True
BID000864,TEN0164,VEN0004,1353000,2022-12-06 11:32:25,False
BID000867,TEN0165,VEN0009,1119000,2024-11-28 17:00:52,False
BID000868,TEN0165,VEN0022,786000,2024-11-22 11:16:17,True
BID000869,TEN0165,VEN0068,1088000,2024-12-01 17:33:56,False
BID000870,TEN0165,VEN0119,1207000,2024-11-30 15:34:44,False
BID000871,TEN0165,VEN0053,1135000,2024-11-21 10:15:13,False
BID000872,TEN0165,VEN0077,937000,2024-11-05 11:29:47,False
BID000873,TEN0165,VEN0066,942000,2024-11-24 09:56:37,False
BID000874,TEN0165,VEN0039,968000,2024-11-19 11:16:05,False
BID000875,TEN0166,VEN0116,1278000,2024-10-17 16:09:17,False
BID000876,TEN0166,VEN0055,1063000,2024-10-24 15:26:53,False
BID000877,TEN0166,VEN0011,859000,2024-10-17 13:27:04,True
BID000878,TEN0167,VEN0100,22947000,2022-11-19 14:10:54,False
BID000879,TEN0167,VEN0083,22499000,2022-11-12 12:06:52,False
BID000880,TEN0167,VEN0058,20705000,2022-10-12 11:25:09,True
BID000881,TEN0167,VEN0072,27198000,2022-12-01 00:00:00,False
BID000882,TEN0167,VEN0087,26720000,2022-11-11 15:34:51,False
BID000883,TEN0167,VEN0056,24418000,2022-11-02 11:03:43,False
BID000884,TEN0167,VEN0117,21436000,2022-10-19 14:36:15,False
BID000885,TEN0168,VEN0088,10434000,2024-03-11 13:37:54,False
BID000886,TEN0168,VEN0111,13794000,2024-04-02 16:52:03,True
BID000887,TEN0168,VEN0044,7986000,2024-04-05 16:17:11,False
BID000888,TEN0168,VEN0068,8267000,2024-03-09 17:49:16,False
BID000889,TEN0168,VEN0096,10243000,2024-03-12 17:10:19,False
BID000890,TEN0169,VEN0094,1499000,2021-12-28 15:16:23,False
BID000891,TEN0169,VEN0063,1467000,2021-12-26 17:57:15,False
BID000892,TEN0169,VEN0077,1434000,2021-12-22 14:45:34,False
BID000893,TEN0169,VEN0096,1297000,2021-12-13 09:50:44,False
BID000894,TEN0169,VEN0044,1134000,2022-01-07 15:39:39,True
BID000895,TEN0169,VEN0053,1288000,2022-01-07 14:24:27,False
BID000896,TEN0169,VEN0066,1347000,2022-01-04 13:18:07,False
BID000897,TEN0169,VEN0032,1321000,2022-01-07 14:45:48,False
BID000898,TEN0170,VEN0091,6580000,2022-04-01 17:49:07,True
BID000899,TEN0170,VEN0113,7503000,2022-03-30 16:29:40,False
BID000900,TEN0171,VEN0077,10090000,2022-12-20 13:00:49,False
BID000901,TEN0171,VEN0053,13043000,2022-12-14 09:59:13,False
BID000902,TEN0171,VEN0096,10292000,2022-12-26 09:05:43,False
BID000903,TEN0171,VEN0111,9953000,2022-12-05 14:11:22,True
BID000904,TEN0172,VEN0021,1483000,2022-07-06 17:28:59,False
BID000905,TEN0172,VEN0109,1556000,2022-06-27 09:48:35,False
BID000906,TEN0172,VEN0073,1433000,2022-05-22 12:27:12,False
BID000907,TEN0172,VEN0005,1500000,2022-06-22 17:52:18,False
BID000908,TEN0172,VEN0082,1429000,2022-06-30 11:50:26,True
BID000909,TEN0172,VEN0011,1579000,2022-07-01 15:10:29,False
BID000910,TEN0172,VEN0065,1573000,2022-06-17 14:00:02,False
BID000911,TEN0172,VEN0030,1466000,2022-06-25 17:16:28,False
BID000912,TEN0173,VEN0078,13022000,2022-05-29 15:59:32,True
BID000913,TEN0173,VEN0009,12969000,2022-04-22 16:57:45,False
BID000914,TEN0174,VEN0119,9580000,2024-04-08 14:57:16,False
BID000915,TEN0174,VEN0022,8747000,2024-03-21 10:45:59,False
BID000916,TEN0174,VEN0068,9400000,2024-04-10 09:38:22,False
BID000917,TEN0174,VEN0039,8672000,2024-04-03 10:12:31,False
BID000918,TEN0174,VEN0044,5987000,2024-04-11 10:24:51,True
BID000919,TEN0174,VEN0077,7949000,2024-04-23 13:36:41,False
BID000920,TEN0175,VEN0010,3471000,2024-04-03 10:47:39,False
BID000921,TEN0175,VEN0102,2884000,2024-04-04 12:18:29,True
BID000922,TEN0175,VEN0056,3569000,2024-03-31 13:33:16,False
BID000923,TEN0176,VEN0118,24868000,2023-12-04 14:48:34,False
BID000924,TEN0176,VEN0033,25110000,2023-11-27 14:44:33,False
BID000925,TEN0176,VEN0045,23859000,2023-11-24 09:25:40,False
BID000926,TEN0176,VEN0023,21391000,2023-12-08 10:12:53,False
BID000927,TEN0176,VEN0052,22445000,2023-12-05 17:23:05,False
BID000928,TEN0176,VEN0102,18662000,2023-11-26 10:11:42,True
BID000929,TEN0176,VEN0074,25914000,2023-12-09 11:23:59,False
BID000930,TEN0177,VEN0053,12312000,2022-08-12 13:27:27,False
BID000931,TEN0177,VEN0111,11985000,2022-08-22 17:31:36,False
BID000932,TEN0177,VEN0088,11543000,2022-08-04 10:40:34,False
BID000933,TEN0177,VEN0066,8319000,2022-07-24 16:23:00,True
BID000934,TEN0178,VEN0011,5886000,2021-04-02 14:57:21,False
BID000935,TEN0178,VEN0004,5200000,2021-04-03 12:59:36,False
BID000936,TEN0178,VEN0065,5768000,2021-04-01 12:58:39,False
BID000937,TEN0178,VEN0029,5120000,2021-03-18 12:05:57,True
BID000938,TEN0178,VEN0073,5747000,2021-02-26 12:40:08,False
BID000939,TEN0178,VEN0091,5982000,2021-04-02 13:16:55,False
BID000940,TEN0178,VEN0076,5142000,2021-02-24 09:06:26,False
BID000941,TEN0178,VEN0115,5460000,2021-03-23 15:45:34,False
BID000942,TEN0179,VEN0093,5672000,2023-05-06 12:11:03,False
BID000943,TEN0179,VEN0061,4710000,2023-05-12 00:00:00,True
BID000944,TEN0180,VEN0091,944000,2024-06-28 17:08:15,False
BID000945,TEN0180,VEN0073,803000,2024-05-16 09:07:57,False
BID000946,TEN0180,VEN0004,776000,2024-05-29 12:57:08,True
BID000947,TEN0180,VEN0034,799000,2024-06-06 14:44:10,False
BID000948,TEN0180,VEN0017,778000,2024-05-31 14:28:58,False
BID000949,TEN0180,VEN0021,903000,2024-05-20 10:12:17,False
BID000950,TEN0180,VEN0031,808000,2024-05-23 15:04:29,False
BID000951,TEN0181,VEN0026,1564000,2022-11-09 13:25:51,True
BID000952,TEN0181,VEN0002,1814000,2022-11-14 16:27:40,False
BID000953,TEN0181,VEN0062,1699000,2022-10-14 17:17:44,False
BID000954,TEN0181,VEN0071,1650000,2022-10-22 10:13:36,False
BID000955,TEN0181,VEN0106,1789000,2022-10-29 13:02:07,False
BID000956,TEN0181,VEN0107,1713000,2022-11-13 11:23:57,False
BID000957,TEN0181,VEN0080,1693000,2022-10-30 16:02:03,False
BID000958,TEN0182,VEN0046,5975000,2023-03-13 14:34:54,False
BID000959,TEN0182,VEN0084,5121000,2023-03-05 15:35:33,True
BID000960,TEN0183,VEN0032,12999000,2023-02-25 17:47:01,False
BID000961,TEN0183,VEN0077,13000000,2023-03-16 10:58:25,False
BID000962,TEN0183,VEN0078,11712000,2023-03-01 12:10:04,False
BID000963,TEN0183,VEN0063,10388000,2023-03-23 14:39:07,False
BID000964,TEN0183,VEN0068,12974000,2023-03-10 17:10:21,False
BID000965,TEN0183,VEN0096,14255000,2023-03-27 16:32:35,False
BID000966,TEN0183,VEN0053,11127000,2023-03-14 16:19:42,False
BID000967,TEN0183,VEN0044,8827000,2023-03-30 16:48:41,True
BID000968,TEN0184,VEN0076,8477000,2021-07-04 13:09:32,False
BID000969,TEN0184,VEN0047,7779000,2021-07-30 14:53:39,True
BID000970,TEN0184,VEN0109,7872000,2021-08-03 14:36:43,False
BID000971,TEN0184,VEN0116,9569000,2021-06-19 11:58:56,False
BID000972,TEN0185,VEN0037,2931000,2023-05-28 16:19:09,False
BID000973,TEN0185,VEN0061,2631000,2023-05-18 15:52:04,True
BID000974,TEN0186,VEN0096,6989000,2022-01-27 12:56:52,True
BID000975,TEN0186,VEN0068,8465000,2022-01-07 12:07:24,False
BID000976,TEN0186,VEN0077,7506000,2022-01-24 15:35:23,False
BID000977,TEN0186,VEN0053,8500000,2022-01-28 17:18:46,False
BID000978,TEN0187,VEN0053,651000,2021-05-05 15:54:40,False
BID000979,TEN0187,VEN0094,719000,2021-04-12 09:52:39,False
BID000980,TEN0187,VEN0111,541000,2021-05-01 17:50:00,True
BID000981,TEN0187,VEN0078,634000,2021-04-07 16:39:02,False
BID000982,TEN0187,VEN0022,555000,2021-04-05 11:08:29,False
BID000983,TEN0187,VEN0044,546000,2021-04-20 11:49:25,False
BID000984,TEN0187,VEN0096,564000,2021-04-30 15:50:45,False
BID000985,TEN0188,VEN0036,10182000,2022-02-10 15:57:07,True
BID000986,TEN0188,VEN0007,11916000,2022-02-01 15:10:16,False
BID000987,TEN0188,VEN0074,11752000,2022-01-29 15:24:55,False
BID000988,TEN0188,VEN0100,10884000,2022-02-12 16:28:21,False
BID000989,TEN0188,VEN0056,11745000,2022-01-30 12:58:38,False
BID000990,TEN0188,VEN0023,10733000,2022-02-03 11:50:20,False
BID000991,TEN0188,VEN0083,11031000,2022-02-07 09:40:51,False
BID000992,TEN0188,VEN0033,11787000,2022-02-13 16:38:17,False
BID000993,TEN0189,VEN0005,7774000,2024-08-16 15:42:04,False
BID000994,TEN0189,VEN0020,6736000,2024-09-01 00:00:00,True
BID000995,TEN0189,VEN0114,7091000,2024-08-29 17:29:52,False
BID000996,TEN0189,VEN0030,7149000,2024-08-19 10:16:42,False
BID000997,TEN0190,VEN0058,28849000,2023-08-20 11:25:57,True
BID000998,TEN0190,VEN0052,33954000,2023-09-09 16:14:06,False
BID000999,TEN0191,VEN0084,2483000,2021-05-06 15:08:10,True
BID001000,TEN0191,VEN0037,3188000,2021-06-03 12:47:15,False
BID001001,TEN0191,VEN0067,3005000,2021-06-07 17:13:31,False
BID001002,TEN0192,VEN0022,6984000,2024-11-07 16:45:16,False
BID001003,TEN0192,VEN0097,5846000,2024-10-28 16:40:17,True
BID001004,TEN0192,VEN0077,6792000,2024-11-05 09:32:11,False
BID001005,TEN0192,VEN0096,7449000,2024-10-31 11:25:35,False
BID001006,TEN0192,VEN0009,7519000,2024-11-04 10:29:28,False
BID001007,TEN0192,VEN0032,6775000,2024-10-29 10:29:30,False
BID001008,TEN0192,VEN0094,6709000,2024-11-09 10:44:46,False
BID001009,TEN0193,VEN0106,1747000,2024-09-13 14:31:29,False
BID001010,TEN0193,VEN0108,1811000,2024-10-13 17:55:41,False
BID001011,TEN0193,VEN0015,1659000,2024-09-26 17:38:43,False
BID001012,TEN0193,VEN0008,1548000,2024-10-16 17:16:21,False
BID001013,TEN0193,VEN0016,1482000,2024-09-09 10:38:52,True
BID001014,TEN0194,VEN0029,8497000,2022-07-26 17:01:47,False
BID001015,TEN0194,VEN0047,7152000,2022-07-31 13:03:48,True
BID001016,TEN0195,VEN0107,1236000,2022-03-23 15:58:15,False
BID001017,TEN0195,VEN0050,1002000,2022-02-23 17:22:03,True
BID001018,TEN0196,VEN0083,32712000,2022-03-25 15:20:24,False
BID001019,TEN0196,VEN0056,34260000,2022-03-26 11:38:50,False
BID001020,TEN0196,VEN0001,35633000,2022-04-06 12:13:21,False
BID001021,TEN0196,VEN0118,34610000,2022-04-18 13:33:02,False
BID001022,TEN0196,VEN0069,29348000,2022-03-03 15:14:41,False
BID001023,TEN0196,VEN0023,38608000,2022-04-08 14:50:23,False
BID001024,TEN0196,VEN0007,33399000,2022-03-12 11:25:47,True
BID001025,TEN0197,VEN0008,1595000,2024-09-13 13:30:58,True
BID001026,TEN0197,VEN0099,1727000,2024-10-07 14:59:57,False
BID001027,TEN0197,VEN0015,1849000,2024-09-10 17:14:24,False
BID001028,TEN0197,VEN0060,1709000,2024-09-26 17:05:50,False
BID001029,TEN0197,VEN0049,1830000,2024-09-24 11:44:17,False
BID001030,TEN0197,VEN0003,1871000,2024-09-10 16:30:25,False
BID001031,TEN0198,VEN0061,364000,2021-06-10 12:13:52,False
BID001032,TEN0198,VEN0019,439000,2021-06-10 10:19:54,False
BID001033,TEN0198,VEN0037,367000,2021-06-17 17:39:37,False
BID001034,TEN0198,VEN0024,461000,2021-07-02 12:51:19,False
BID001035,TEN0198,VEN0028,297000,2021-06-14 09:06:49,True
BID001036,TEN0198,VEN0012,470000,2021-06-06 09:48:08,False
BID001037,TEN0199,VEN0012,5612000,2023-04-29 15:12:05,False
BID001038,TEN0199,VEN0019,4961000,2023-04-18 15:08:01,True
BID001039,TEN0199,VEN0028,6788000,2023-04-25 17:55:51,False
BID001040,TEN0199,VEN0024,6658000,2023-05-03 16:16:06,False
BID001041,TEN0199,VEN0035,4553000,2023-04-02 14:47:40,False
BID001042,TEN0199,VEN0084,6373000,2023-04-18 13:27:25,False
BID001043,TEN0200,VEN0104,47063000,2023-10-03 11:11:49,False
BID001044,TEN0200,VEN0007,40734000,2023-09-29 11:30:13,True
BID001045,TEN0200,VEN0102,43707000,2023-09-26 12:49:20,False
BID001046,TEN0200,VEN0010,49088000,2023-09-29 11:43:18,False
BID001047,TEN0200,VEN0120,45825000,2023-09-29 10:57:57,False
BID001048,TEN0201,VEN0089,1394000,2023-07-06 09:23:28,False
BID001049,TEN0201,VEN0099,2159000,2023-07-01 11:23:32,False
BID001050,TEN0201,VEN0108,1946000,2023-06-11 16:22:54,True
BID001051,TEN0201,VEN0026,1793000,2023-07-24 11:41:19,False
BID001052,TEN0201,VEN0040,1988000,2023-07-03 16:03:06,False
BID001053,TEN0201,VEN0003,1910000,2023-07-28 10:23:06,False
BID001054,TEN0202,VEN0034,3534000,2023-04-19 16:20:08,False
BID001055,TEN0202,VEN0005,3452000,2023-03-23 13:49:12,True
BID001056,TEN0202,VEN0031,4777000,2023-03-20 11:51:33,False
BID001057,TEN0203,VEN0091,3871000,2021-05-25 10:52:23,True
BID001058,TEN0203,VEN0109,5173000,2021-06-01 11:03:13,False
BID001059,TEN0203,VEN0073,4604000,2021-05-24 10:57:21,False
BID001060,TEN0203,VEN0070,4421000,2021-05-22 14:19:54,False
BID001061,TEN0204,VEN0003,1031000,2021-08-20 10:05:12,True
BID001062,TEN0204,VEN0049,1559000,2021-08-22 14:13:33,False
BID001063,TEN0204,VEN0059,1193000,2021-08-22 11:38:48,False
BID001064,TEN0205,VEN0070,4000000,2025-01-20 11:09:13,False
BID001065,TEN0205,VEN0005,3591000,2025-01-02 09:42:52,True
BID001066,TEN0205,VEN0034,4246000,2025-02-07 13:38:38,False
BID001067,TEN0205,VEN0114,5875000,2025-02-15 00:00:00,False
BID001068,TEN0205,VEN0011,4836000,2025-01-01 16:09:06,False
BID001069,TEN0205,VEN0113,4993000,2025-01-07 16:20:06,False
BID001070,TEN0205,VEN0055,4930000,2025-01-06 11:28:46,False
BID001071,TEN0206,VEN0009,12197000,2021-04-13 16:02:14,False
BID001072,TEN0206,VEN0066,17148000,2021-04-08 09:43:18,False
BID001073,TEN0206,VEN0119,14651000,2021-04-16 10:39:49,False
BID001074,TEN0206,VEN0068,15349000,2021-04-05 09:05:11,False
BID001075,TEN0206,VEN0111,13868000,2021-03-17 09:42:20,False
BID001076,TEN0206,VEN0022,16405000,2021-04-15 11:14:40,False
BID001077,TEN0206,VEN0063,12063000,2021-03-15 14:00:03,True
BID001078,TEN0207,VEN0022,3966000,2023-11-11 10:39:19,False
BID001079,TEN0207,VEN0119,3872000,2023-11-21 11:33:11,True
BID001080,TEN0207,VEN0096,4131000,2023-11-18 10:47:21,False
BID001081,TEN0207,VEN0078,4655000,2023-11-07 12:35:44,False
BID001082,TEN0207,VEN0068,4377000,2023-11-22 11:07:18,False
BID001083,TEN0207,VEN0066,4051000,2023-12-06 15:04:18,False
BID001084,TEN0207,VEN0053,4555000,2023-11-05 13:18:41,False
BID001085,TEN0207,VEN0039,4111000,2023-12-01 09:03:49,False
BID001086,TEN0208,VEN0115,362000,2021-12-04 13:22:14,True
BID001087,TEN0208,VEN0029,461000,2021-11-10 15:07:02,False
BID001088,TEN0208,VEN0079,474000,2021-12-10 17:26:19,False
BID001089,TEN0209,VEN0105,1265000,2022-05-09 17:04:57,False
BID001090,TEN0209,VEN0106,1248000,2022-05-11 14:32:48,True
BID001091,TEN0210,VEN0002,1408000,2024-01-30 11:04:52,True
BID001092,TEN0210,VEN0085,1995000,2024-02-05 14:00:29,False
BID001093,TEN0211,VEN0061,8630000,2021-08-03 11:33:41,False
BID001094,TEN0211,VEN0093,7704000,2021-07-10 11:19:13,False
BID001095,TEN0211,VEN0081,6876000,2021-07-29 14:20:45,True
BID001096,TEN0211,VEN0012,8678000,2021-07-10 11:44:33,False
BID001097,TEN0211,VEN0037,9759000,2021-07-26 10:19:09,False
BID001098,TEN0211,VEN0019,8925000,2021-07-21 09:20:37,False
BID001099,TEN0211,VEN0067,8490000,2021-08-12 10:37:59,False
BID001100,TEN0212,VEN0040,120000,2023-12-23 09:25:36,False
BID001101,TEN0212,VEN0075,120000,2023-11-23 15:17:06,True
BID001102,TEN0212,VEN0042,137000,2023-12-12 16:25:41,False
BID001103,TEN0212,VEN0060,129000,2023-11-17 15:06:05,False
BID001104,TEN0212,VEN0015,110000,2023-12-11 10:31:16,False
BID001105,TEN0212,VEN0085,132000,2023-12-04 09:24:19,False
BID001106,TEN0212,VEN0014,126000,2023-11-30 14:50:18,False
BID001111,TEN0213,VEN0097,507000,2023-02-06 15:39:06,True
BID001112,TEN0213,VEN0096,762000,2023-01-25 14:40:28,False
BID001113,TEN0214,VEN0083,22081000,2023-07-26 16:30:37,False
BID001114,TEN0214,VEN0056,18931000,2023-08-22 12:06:13,False
BID001115,TEN0214,VEN0018,20007000,2023-08-04 15:31:00,False
BID001116,TEN0214,VEN0087,23894000,2023-07-20 15:36:30,False
BID001117,TEN0214,VEN0041,17536000,2023-08-10 11:50:07,True
BID001118,TEN0215,VEN0009,6852000,2023-08-22 13:49:44,True
BID001119,TEN0215,VEN0022,7830000,2023-08-19 15:53:56,False
BID001120,TEN0215,VEN0078,8039000,2023-08-02 13:39:02,False
BID001121,TEN0215,VEN0097,8902000,2023-07-06 15:23:39,False
BID001122,TEN0215,VEN0088,7009000,2023-07-20 15:09:07,False
BID001123,TEN0216,VEN0002,876000,2022-04-04 14:12:07,False
BID001124,TEN0216,VEN0043,710000,2022-04-04 10:48:32,False
BID001125,TEN0216,VEN0016,646000,2022-04-02 11:23:59,True
BID001126,TEN0216,VEN0110,833000,2022-03-23 10:58:20,False
BID001127,TEN0217,VEN0113,598000,2021-05-26 17:57:58,True
BID001128,TEN0217,VEN0070,643000,2021-05-28 15:47:36,False
BID001129,TEN0218,VEN0081,5614000,2023-01-28 11:03:50,True
BID001130,TEN0218,VEN0090,6529000,2023-01-18 14:43:51,False
BID001131,TEN0219,VEN0066,6361000,2022-03-18 16:21:10,False
BID001132,TEN0219,VEN0094,4874000,2022-03-27 12:20:16,True
BID001133,TEN0219,VEN0078,7721000,2022-03-13 15:11:58,False
BID001134,TEN0219,VEN0032,7090000,2022-04-03 11:32:41,False
BID001135,TEN0220,VEN0120,35384000,2023-05-19 10:17:58,False
BID001136,TEN0220,VEN0033,32145000,2023-05-21 15:12:29,True
BID001137,TEN0221,VEN0008,137000,2022-02-22 10:48:54,False
BID001138,TEN0221,VEN0075,137000,2022-02-18 15:47:09,False
BID001139,TEN0221,VEN0016,142000,2022-03-20 17:09:13,False
BID001140,TEN0221,VEN0112,125000,2022-02-15 15:29:44,False
BID001141,TEN0221,VEN0080,124000,2022-01-26 16:37:04,True
BID001142,TEN0221,VEN0105,134000,2022-02-03 14:26:04,False
BID001143,TEN0221,VEN0042,146000,2022-03-23 12:57:27,False
BID001144,TEN0222,VEN0096,8562000,2023-07-08 14:01:42,False
BID001145,TEN0222,VEN0119,10780000,2023-07-17 12:06:16,False
BID001146,TEN0222,VEN0077,9811000,2023-07-19 00:00:00,False
BID001147,TEN0222,VEN0078,9086000,2023-07-18 15:57:25,False
BID001148,TEN0222,VEN0066,8947000,2023-07-16 17:23:06,False
BID001149,TEN0222,VEN0097,9578000,2023-07-11 14:53:47,False
BID001150,TEN0222,VEN0032,8179000,2023-07-11 14:39:12,True
BID001151,TEN0223,VEN0098,1430000,2025-01-08 17:17:38,False
BID001152,TEN0223,VEN0062,1205000,2025-01-15 14:40:06,True
BID001153,TEN0223,VEN0110,1622000,2025-01-19 12:12:16,False
BID001154,TEN0223,VEN0107,1216000,2025-01-17 16:40:30,False
BID001155,TEN0224,VEN0095,8046000,2022-08-21 09:35:09,False
BID001156,TEN0224,VEN0046,7039000,2022-08-29 15:39:42,False
BID001157,TEN0224,VEN0061,7074000,2022-09-26 16:54:13,False
BID001158,TEN0224,VEN0012,7285000,2022-09-13 15:56:34,False
BID001159,TEN0224,VEN0038,7021000,2022-09-09 14:23:16,True
BID001160,TEN0224,VEN0084,7840000,2022-09-12 17:48:08,False
BID001161,TEN0224,VEN0037,7202000,2022-09-04 10:21:07,False
BID001162,TEN0224,VEN0006,7120000,2022-09-12 13:16:43,False
BID001163,TEN0225,VEN0100,48582000,2022-09-24 16:51:38,False
BID001164,TEN0225,VEN0083,49694000,2022-10-03 00:00:00,False
BID001165,TEN0225,VEN0102,40935000,2022-09-26 15:25:15,False
BID001166,TEN0225,VEN0104,42724000,2022-09-10 13:17:46,False
BID001167,TEN0225,VEN0001,33226000,2022-09-20 11:48:35,True
BID001168,TEN0225,VEN0045,50684000,2022-09-15 11:58:14,False
BID001169,TEN0225,VEN0087,52066000,2022-09-29 16:23:26,False
BID001170,TEN0226,VEN0096,2886000,2021-05-17 16:37:24,True
BID001171,TEN0226,VEN0009,3118000,2021-05-16 16:56:00,False
BID001172,TEN0226,VEN0063,3104000,2021-05-05 16:53:54,False
BID001173,TEN0226,VEN0068,3311000,2021-06-01 00:00:00,False
BID001174,TEN0227,VEN0025,706000,2022-08-26 12:14:18,False
BID001175,TEN0227,VEN0003,701000,2022-09-15 17:26:35,False
BID001176,TEN0227,VEN0042,680000,2022-09-05 13:05:06,True
BID001177,TEN0227,VEN0089,905000,2022-09-06 16:03:38,False
BID001178,TEN0227,VEN0108,728000,2022-10-20 13:00:56,False
BID001179,TEN0227,VEN0099,936000,2022-09-22 09:21:16,False
BID001180,TEN0227,VEN0110,711000,2022-09-05 13:53:04,False
BID001181,TEN0227,VEN0050,711000,2022-08-28 16:13:59,False
BID001182,TEN0228,VEN0069,48583000,2023-04-09 14:31:00,False
BID001183,TEN0228,VEN0007,35396000,2023-04-28 15:48:41,False
BID001184,TEN0228,VEN0001,35615000,2023-04-30 13:46:59,False
BID001185,TEN0228,VEN0041,43776000,2023-03-23 11:25:30,False
BID001186,TEN0228,VEN0023,46822000,2023-04-21 14:59:05,False
BID001187,TEN0228,VEN0100,46343000,2023-04-29 10:10:36,True
BID001188,TEN0229,VEN0019,4541000,2021-06-19 16:49:50,False
BID001189,TEN0229,VEN0037,4776000,2021-06-23 11:07:09,False
BID001190,TEN0229,VEN0046,4254000,2021-08-01 00:00:00,True
BID001191,TEN0230,VEN0090,1029000,2022-02-07 10:32:28,False
BID001192,TEN0230,VEN0048,839000,2022-01-20 17:02:14,True
BID001199,TEN0231,VEN0061,4140000,2024-10-12 10:30:55,False
BID001200,TEN0231,VEN0092,3715000,2024-09-02 10:33:02,False
BID001201,TEN0231,VEN0038,4463000,2024-10-05 16:43:29,False
BID001202,TEN0231,VEN0035,2752000,2024-10-07 15:14:10,True
BID001203,TEN0231,VEN0093,3839000,2024-10-20 09:59:28,False
BID001204,TEN0231,VEN0019,4058000,2024-10-12 14:59:21,False
BID001205,TEN0231,VEN0081,3631000,2024-09-28 17:56:52,False
BID001206,TEN0231,VEN0103,4013000,2024-10-15 14:08:30,False
BID001207,TEN0232,VEN0071,1455000,2024-11-25 12:14:27,False
BID001208,TEN0232,VEN0003,1268000,2024-12-11 17:01:14,False
BID001209,TEN0232,VEN0085,1341000,2024-11-23 17:28:57,False
BID001210,TEN0232,VEN0025,1397000,2024-12-10 11:55:59,True
BID001211,TEN0232,VEN0110,1440000,2024-12-02 17:00:29,False
BID001212,TEN0233,VEN0073,4769000,2024-11-04 15:59:24,False
BID001213,TEN0233,VEN0004,4694000,2024-11-03 10:17:00,True
BID001214,TEN0234,VEN0077,10914000,2024-03-28 16:20:40,True
BID001215,TEN0234,VEN0088,14562000,2024-04-08 15:45:19,False
BID001216,TEN0235,VEN0023,20330000,2023-06-19 13:05:34,True
BID001217,TEN0235,VEN0083,26245000,2023-07-07 17:28:45,False
BID001218,TEN0235,VEN0018,24030000,2023-07-03 10:35:18,False
BID001219,TEN0235,VEN0056,26531000,2023-06-25 11:03:03,False
BID001220,TEN0235,VEN0041,25818000,2023-07-08 15:11:04,False
BID001221,TEN0235,VEN0118,20953000,2023-07-05 13:05:21,False
BID001222,TEN0236,VEN0038,6489000,2021-06-26 12:08:15,False
BID001223,TEN0236,VEN0101,5886000,2021-07-15 13:38:59,False
BID001224,TEN0236,VEN0048,5611000,2021-06-16 17:59:38,False
BID001225,TEN0236,VEN0093,4814000,2021-06-15 16:17:37,True
BID001226,TEN0237,VEN0052,40042000,2021-02-01 12:34:32,False
BID001227,TEN0237,VEN0023,35627000,2021-02-07 13:47:27,True
BID001228,TEN0237,VEN0118,39466000,2021-02-26 10:17:42,False
BID001229,TEN0237,VEN0069,35758000,2021-02-10 10:49:15,False
BID001230,TEN0237,VEN0083,38589000,2021-02-28 13:23:41,False
BID001231,TEN0238,VEN0092,3225000,2024-09-19 14:11:14,True
BID001232,TEN0238,VEN0064,4025000,2024-10-07 17:30:00,False
BID001233,TEN0239,VEN0110,593000,2023-10-06 16:35:24,True
BID001234,TEN0239,VEN0098,742000,2023-10-08 12:12:49,False
BID001235,TEN0240,VEN0034,3608000,2021-11-19 16:35:50,False
BID001236,TEN0240,VEN0082,3998000,2021-12-15 13:04:42,False
BID001237,TEN0240,VEN0020,3705000,2021-11-12 11:15:35,False
BID001238,TEN0240,VEN0011,3390000,2021-11-26 16:35:42,True
BID001239,TEN0240,VEN0065,3402000,2021-12-09 13:11:09,False
BID001240,TEN0241,VEN0098,911000,2024-07-17 17:55:17,False
BID001241,TEN0241,VEN0008,839000,2024-07-14 09:32:57,True
BID001242,TEN0241,VEN0080,874000,2024-07-21 16:36:37,False
BID001243,TEN0241,VEN0040,916000,2024-07-01 11:27:39,False
BID001244,TEN0241,VEN0106,1022000,2024-07-18 14:17:01,False
BID001245,TEN0242,VEN0028,9100000,2023-07-02 09:14:41,False
BID001246,TEN0242,VEN0064,7466000,2023-07-10 00:00:00,True
BID001247,TEN0243,VEN0110,1290000,2023-07-08 09:18:40,True
BID001248,TEN0243,VEN0075,1589000,2023-06-28 11:22:43,False
BID001249,TEN0243,VEN0071,1586000,2023-06-14 09:49:55,False
BID001250,TEN0244,VEN0021,8241000,2023-09-08 11:31:10,True
BID001251,TEN0244,VEN0017,9858000,2023-10-02 12:08:19,False
BID001252,TEN0245,VEN0066,1522000,2024-01-20 10:51:19,True
BID001253,TEN0245,VEN0078,2255000,2024-01-15 12:03:44,False
BID001254,TEN0245,VEN0111,2213000,2024-01-14 14:58:47,False
BID001255,TEN0245,VEN0032,2028000,2024-01-13 12:48:50,False
BID001256,TEN0245,VEN0068,1563000,2024-01-27 13:10:04,False
BID001257,TEN0246,VEN0054,9479000,2022-06-26 14:02:12,False
BID001258,TEN0246,VEN0065,10507000,2022-06-29 16:45:24,False
BID001259,TEN0246,VEN0031,10185000,2022-06-15 15:53:05,False
BID001260,TEN0246,VEN0011,9698000,2022-07-05 14:40:50,False
BID001261,TEN0246,VEN0116,9572000,2022-05-30 12:20:59,False
BID001262,TEN0246,VEN0109,12479000,2022-06-05 13:27:19,False
BID001263,TEN0246,VEN0047,7422000,2022-06-04 16:00:56,True
BID001264,TEN0246,VEN0082,11021000,2022-06-12 10:13:07,False
BID001265,TEN0247,VEN0074,8875000,2021-05-18 11:05:53,False
BID001266,TEN0247,VEN0120,9194000,2021-06-08 11:28:52,False
BID001267,TEN0247,VEN0041,8853000,2021-06-03 13:55:33,False
BID001268,TEN0247,VEN0052,8486000,2021-05-20 15:42:24,True
BID001269,TEN0247,VEN0083,8671000,2021-05-09 10:27:17,False
BID001270,TEN0247,VEN0118,9436000,2021-05-13 11:24:04,False
BID001271,TEN0247,VEN0018,8692000,2021-06-11 11:15:59,False
BID001272,TEN0248,VEN0044,2390000,2021-06-10 13:29:53,False
BID001273,TEN0248,VEN0111,2138000,2021-06-25 17:28:23,True
BID001274,TEN0248,VEN0063,2644000,2021-05-31 09:04:12,False
BID001275,TEN0248,VEN0066,2302000,2021-06-20 13:55:35,False
BID001276,TEN0248,VEN0053,2409000,2021-06-05 15:55:12,False
BID001277,TEN0248,VEN0068,2663000,2021-06-22 09:49:56,False
BID001278,TEN0248,VEN0096,2628000,2021-06-25 10:02:00,False
BID001280,TEN0249,VEN0071,1004000,2021-07-18 13:44:19,False
BID001281,TEN0249,VEN0049,1466000,2021-07-15 09:59:48,True
BID001283,TEN0250,VEN0105,1072000,2022-09-28 11:11:44,False
BID001284,TEN0250,VEN0107,949000,2022-09-15 16:42:58,False
BID001285,TEN0250,VEN0003,1186000,2022-09-29 17:56:06,False
BID001286,TEN0250,VEN0108,802000,2022-09-11 09:04:09,True
BID001287,TEN0250,VEN0086,802000,2022-09-30 09:27:36,False
BID001288,TEN0251,VEN0063,2540000,2022-05-01 12:26:59,False
BID001289,TEN0251,VEN0094,2288000,2022-04-18 13:23:10,False
BID001290,TEN0251,VEN0077,2185000,2022-05-02 10:26:42,True
BID001291,TEN0252,VEN0100,40122000,2021-09-04 14:35:01,False
BID001292,TEN0252,VEN0056,32988000,2021-07-25 11:50:28,True
BID001293,TEN0252,VEN0010,35847000,2021-08-15 15:13:54,False
BID001294,TEN0253,VEN0077,8892000,2021-04-05 15:42:31,False
BID001295,TEN0253,VEN0039,9403000,2021-03-05 11:20:07,False
BID001296,TEN0253,VEN0096,7608000,2021-03-21 09:18:27,False
BID001297,TEN0253,VEN0044,10992000,2021-02-24 10:05:31,False
BID001298,TEN0253,VEN0097,6437000,2021-03-01 15:07:28,True
BID001299,TEN0253,VEN0009,8528000,2021-03-13 14:02:27,False
BID001300,TEN0254,VEN0043,741000,2021-06-04 12:50:08,False
BID001301,TEN0254,VEN0060,727000,2021-05-01 12:36:14,True
BID001302,TEN0254,VEN0003,734000,2021-05-29 11:22:42,False
BID001303,TEN0254,VEN0062,728000,2021-05-20 17:50:34,False
BID001304,TEN0254,VEN0013,758000,2021-05-05 11:40:34,False
BID001305,TEN0254,VEN0002,798000,2021-05-06 12:29:20,False
BID001306,TEN0255,VEN0069,47998000,2021-11-26 12:01:42,False
BID001307,TEN0255,VEN0102,37183000,2021-12-04 10:40:42,True
BID001308,TEN0255,VEN0058,51326000,2021-11-26 11:38:24,False
BID001309,TEN0256,VEN0028,5466000,2021-10-29 15:14:18,False
BID001310,TEN0256,VEN0093,6503000,2021-11-18 10:06:56,False
BID001311,TEN0256,VEN0092,4913000,2021-11-11 11:09:07,True
BID001312,TEN0257,VEN0059,1815000,2022-11-16 10:34:59,False
BID001313,TEN0257,VEN0112,1947000,2022-12-10 11:09:35,False
BID001314,TEN0257,VEN0042,2153000,2023-01-06 16:17:40,False
BID001315,TEN0257,VEN0085,1477000,2022-12-13 10:54:21,True
BID001316,TEN0257,VEN0026,1725000,2022-12-24 09:42:45,False
BID001317,TEN0257,VEN0051,2071000,2022-12-06 15:58:46,False
BID001318,TEN0257,VEN0015,2100000,2022-11-18 13:40:04,False
BID001319,TEN0257,VEN0025,2024000,2022-12-23 14:21:15,False
BID001320,TEN0258,VEN0074,12270000,2021-08-20 15:09:59,False
BID001321,TEN0258,VEN0018,11479000,2021-08-05 15:38:25,True
BID001322,TEN0258,VEN0033,13866000,2021-08-16 16:01:42,False
BID001323,TEN0259,VEN0002,1569000,2024-08-13 12:51:03,True
BID001324,TEN0259,VEN0050,1922000,2024-07-15 11:36:47,False
BID001325,TEN0259,VEN0043,1899000,2024-09-06 11:21:23,False
BID001326,TEN0259,VEN0099,2243000,2024-08-01 11:55:40,False
BID001327,TEN0260,VEN0078,6853000,2021-12-13 13:17:15,False
BID001328,TEN0260,VEN0077,7216000,2021-12-12 17:42:32,False
BID001329,TEN0260,VEN0068,5966000,2021-12-20 11:48:47,False
BID001330,TEN0260,VEN0039,5485000,2021-12-05 17:37:33,True
BID001331,TEN0261,VEN0117,15261000,2023-02-10 09:11:40,False
BID001332,TEN0261,VEN0023,15281000,2023-02-07 14:24:43,False
BID001333,TEN0261,VEN0104,14176000,2023-02-11 16:10:08,True
BID001334,TEN0261,VEN0102,17565000,2023-02-14 13:32:35,False
BID001335,TEN0261,VEN0018,17326000,2023-02-04 11:43:30,False
BID001336,TEN0262,VEN0032,2827000,2024-05-24 14:45:07,False
BID001337,TEN0262,VEN0078,2502000,2024-06-28 13:12:47,False
BID001338,TEN0262,VEN0053,2567000,2024-05-15 16:08:00,False
BID001339,TEN0262,VEN0022,2050000,2024-05-15 09:31:10,True
BID001340,TEN0262,VEN0096,2321000,2024-06-30 15:27:46,False
BID001341,TEN0262,VEN0009,2258000,2024-06-04 13:51:55,False
BID001342,TEN0262,VEN0094,2897000,2024-06-22 16:04:27,False
BID001343,TEN0262,VEN0088,2227000,2024-05-29 14:18:49,False
BID001344,TEN0263,VEN0015,134000,2021-08-03 13:38:25,False
BID001345,TEN0263,VEN0107,137000,2021-08-01 17:03:22,False
BID001346,TEN0263,VEN0050,136000,2021-08-08 12:15:47,False
BID001347,TEN0263,VEN0051,125000,2021-08-12 17:33:58,False
BID001348,TEN0263,VEN0106,144000,2021-08-07 09:01:25,False
BID001349,TEN0263,VEN0025,138000,2021-08-19 10:07:25,False
BID001350,TEN0263,VEN0040,147000,2021-08-03 10:29:42,False
BID001351,TEN0263,VEN0110,108000,2021-08-15 14:29:56,True
BID001352,TEN0264,VEN0100,34248000,2021-09-11 13:52:44,False
BID001353,TEN0264,VEN0041,42840000,2021-09-30 17:35:14,False
BID001354,TEN0264,VEN0083,41472000,2021-10-02 09:48:32,False
BID001355,TEN0264,VEN0069,44558000,2021-09-08 15:41:01,False
BID001356,TEN0264,VEN0052,39151000,2021-09-11 10:15:19,False
BID001357,TEN0264,VEN0001,30526000,2021-09-28 09:31:01,True
BID001358,TEN0264,VEN0072,35737000,2021-09-18 14:32:54,False
BID001359,TEN0265,VEN0033,43538000,2021-04-13 15:30:10,False
BID001360,TEN0265,VEN0018,42910000,2021-04-18 09:40:19,False
BID001361,TEN0265,VEN0072,43649000,2021-03-14 09:22:54,False
BID001362,TEN0265,VEN0010,40763000,2021-04-02 14:29:21,True
BID001363,TEN0266,VEN0039,4816000,2021-12-22 12:47:06,True
BID001364,TEN0266,VEN0066,6160000,2022-01-05 13:32:23,False
BID001365,TEN0266,VEN0044,6065000,2021-12-25 11:02:47,False
BID001366,TEN0266,VEN0032,7575000,2022-01-06 12:16:00,False
BID001367,TEN0267,VEN0015,1922000,2024-01-20 17:37:35,False
BID001368,TEN0267,VEN0086,1635000,2024-01-21 15:23:28,False
BID001369,TEN0267,VEN0043,1583000,2024-02-04 00:00:00,False
BID001370,TEN0267,VEN0085,1733000,2024-01-20 12:25:37,False
BID001371,TEN0267,VEN0059,1470000,2024-01-21 12:43:22,True
BID001372,TEN0267,VEN0108,2008000,2024-01-23 13:17:54,False
BID001373,TEN0268,VEN0057,7653000,2024-12-24 11:50:07,False
BID001374,TEN0268,VEN0091,6629000,2024-12-20 10:38:41,False
BID001375,TEN0268,VEN0065,7015000,2024-12-19 09:54:25,False
BID001376,TEN0268,VEN0030,6067000,2024-12-20 10:16:04,True
BID001377,TEN0268,VEN0031,6731000,2024-12-08 09:17:05,False
BID001378,TEN0269,VEN0028,5365000,2022-02-05 14:10:00,True
BID001379,TEN0269,VEN0090,6150000,2021-12-22 16:41:21,False
BID001380,TEN0270,VEN0042,990000,2024-07-18 00:00:00,False
BID001381,TEN0270,VEN0025,1066000,2024-06-18 14:08:17,False
BID001382,TEN0270,VEN0075,907000,2024-07-12 13:09:12,False
BID001383,TEN0270,VEN0107,841000,2024-06-25 12:46:39,True
BID001384,TEN0270,VEN0043,1037000,2024-06-30 12:56:09,False
BID001385,TEN0271,VEN0064,7138000,2024-03-22 17:28:10,False
BID001386,TEN0271,VEN0092,6190000,2024-03-13 13:05:39,False
BID001387,TEN0271,VEN0037,5151000,2024-03-10 13:41:58,True
BID001388,TEN0271,VEN0103,5866000,2024-02-24 13:53:01,False
BID001389,TEN0272,VEN0048,1971000,2021-10-31 16:08:50,False
BID001390,TEN0272,VEN0035,2264000,2021-10-24 17:25:10,False
BID001391,TEN0272,VEN0028,2112000,2021-10-16 15:25:16,False
BID001392,TEN0272,VEN0024,2094000,2021-11-19 13:16:39,False
BID001393,TEN0272,VEN0084,1905000,2021-11-20 17:52:31,False
BID001394,TEN0272,VEN0038,1685000,2021-10-26 14:07:20,True
BID001395,TEN0272,VEN0012,2003000,2021-11-08 11:53:57,False
BID001396,TEN0273,VEN0028,4580000,2022-05-01 12:36:18,False
BID001397,TEN0273,VEN0064,5377000,2022-04-29 17:07:03,False
BID001398,TEN0273,VEN0101,4322000,2022-05-01 16:28:53,True
BID001399,TEN0273,VEN0048,5229000,2022-05-05 11:49:22,False
BID001400,TEN0274,VEN0091,342000,2022-06-05 11:57:24,True
BID001401,TEN0274,VEN0073,413000,2022-06-18 11:15:05,False
BID001402,TEN0274,VEN0055,362000,2022-07-02 14:58:58,False
BID001403,TEN0274,VEN0047,364000,2022-06-20 10:08:54,False
BID001404,TEN0275,VEN0106,814000,2023-12-17 16:03:33,False
BID001405,TEN0275,VEN0002,814000,2023-11-25 16:06:11,False
BID001406,TEN0275,VEN0042,654000,2023-11-22 17:33:59,True
BID001407,TEN0276,VEN0077,3301000,2022-11-16 15:31:11,False
BID001408,TEN0276,VEN0096,3034000,2022-11-10 14:06:17,False
BID001409,TEN0276,VEN0111,2228000,2022-11-13 10:48:22,True
BID001410,TEN0276,VEN0022,2711000,2022-11-06 14:02:39,False
BID001411,TEN0276,VEN0097,3508000,2022-11-09 10:16:10,False
BID001412,TEN0276,VEN0039,3133000,2022-11-15 16:02:39,False
BID001413,TEN0277,VEN0064,10431000,2023-08-09 13:23:41,True
BID001414,TEN0277,VEN0038,7484000,2023-08-11 14:53:34,False
BID001415,TEN0278,VEN0062,2085000,2023-04-16 09:36:28,False
BID001416,TEN0278,VEN0042,1640000,2023-04-23 17:54:38,True
BID001417,TEN0278,VEN0085,1841000,2023-04-25 10:20:52,False
BID001418,TEN0278,VEN0107,2201000,2023-05-05 00:00:00,False
BID001419,TEN0279,VEN0120,29857000,2021-08-28 12:54:30,False
BID001420,TEN0279,VEN0018,22109000,2021-09-11 13:39:47,True
BID001421,TEN0279,VEN0041,29755000,2021-09-16 17:45:56,False
BID001422,TEN0279,VEN0036,27239000,2021-09-22 15:27:03,False
BID001423,TEN0279,VEN0074,25070000,2021-09-20 15:37:23,False
BID001424,TEN0279,VEN0001,29792000,2021-09-09 12:21:15,False
BID001425,TEN0280,VEN0036,24817000,2024-04-13 16:58:36,False
BID001426,TEN0280,VEN0083,24878000,2024-04-21 13:32:15,False
BID001427,TEN0280,VEN0052,25788000,2024-05-07 17:22:06,False
BID001428,TEN0280,VEN0001,25807000,2024-04-30 16:52:20,False
BID001429,TEN0280,VEN0069,26050000,2024-05-04 13:49:13,False
BID001430,TEN0280,VEN0018,24605000,2024-04-26 10:22:37,True
BID001431,TEN0280,VEN0058,29026000,2024-05-07 13:18:44,False
BID001432,TEN0281,VEN0062,1868000,2024-06-13 11:51:58,True
BID001433,TEN0281,VEN0110,2205000,2024-06-11 14:17:10,False
BID001434,TEN0281,VEN0040,2232000,2024-06-27 10:39:29,False
BID001435,TEN0281,VEN0108,2016000,2024-06-30 17:24:15,False
BID001436,TEN0281,VEN0013,2315000,2024-07-09 15:09:16,False
BID001437,TEN0282,VEN0059,64000,2022-06-14 14:10:33,False
BID001438,TEN0282,VEN0049,57000,2022-05-23 16:11:39,True
BID001439,TEN0283,VEN0006,3819000,2024-02-13 17:29:04,False
BID001440,TEN0283,VEN0081,4349000,2024-02-11 17:09:10,False
BID001441,TEN0283,VEN0064,3024000,2024-02-03 15:22:09,False
BID001442,TEN0283,VEN0024,3080000,2024-02-13 15:21:38,False
BID001443,TEN0283,VEN0095,3966000,2024-02-10 11:02:05,False
BID001444,TEN0283,VEN0061,5283000,2024-02-11 09:46:22,True
BID001445,TEN0283,VEN0090,3534000,2024-02-10 17:10:18,False
BID001446,TEN0284,VEN0032,14392000,2023-06-30 09:48:11,False
BID001447,TEN0284,VEN0111,12106000,2023-07-12 13:31:22,True
BID001448,TEN0285,VEN0063,13854000,2023-07-15 13:08:23,False
BID001449,TEN0285,VEN0053,13167000,2023-07-05 12:36:33,False
BID001450,TEN0285,VEN0096,10155000,2023-07-13 16:57:16,True
BID001451,TEN0285,VEN0094,13034000,2023-07-16 09:17:19,False
BID001452,TEN0285,VEN0032,16758000,2023-07-26 00:00:00,False
BID001453,TEN0286,VEN0046,2603000,2024-06-09 17:15:06,True
BID001454,TEN0286,VEN0064,2747000,2024-06-07 09:47:00,False
BID001455,TEN0287,VEN0012,4334000,2023-04-17 11:47:36,True
BID001456,TEN0287,VEN0095,5313000,2023-03-31 15:44:26,False
BID001457,TEN0287,VEN0061,6467000,2023-04-28 12:38:17,False
BID001458,TEN0287,VEN0084,5888000,2023-03-28 12:59:39,False
BID001459,TEN0287,VEN0093,5539000,2023-03-31 13:05:24,False
BID001460,TEN0287,VEN0035,5368000,2023-04-14 14:54:21,False
BID001461,TEN0287,VEN0103,6536000,2023-04-08 10:47:34,False
BID001462,TEN0287,VEN0081,7387000,2023-04-10 13:42:05,False
BID001463,TEN0288,VEN0063,9636000,2022-07-06 10:51:09,False
BID001464,TEN0288,VEN0022,8760000,2022-07-02 10:54:51,True
BID001465,TEN0288,VEN0078,9353000,2022-07-23 14:16:30,False
BID001466,TEN0288,VEN0111,9843000,2022-07-16 14:56:08,False
BID001467,TEN0288,VEN0009,9536000,2022-06-23 15:14:32,False
BID001468,TEN0289,VEN0092,3836000,2022-05-07 15:46:04,True
BID001469,TEN0289,VEN0024,5236000,2022-04-24 13:59:50,False
BID001470,TEN0289,VEN0090,4402000,2022-04-10 16:37:09,False
BID001471,TEN0289,VEN0028,4750000,2022-04-24 17:39:57,False
BID001472,TEN0289,VEN0093,4433000,2022-04-12 11:31:03,False
BID001473,TEN0289,VEN0048,4473000,2022-04-13 15:49:09,False
BID001474,TEN0290,VEN0096,5867000,2022-10-13 16:18:38,True
BID001475,TEN0290,VEN0111,6035000,2022-11-08 16:11:00,False
BID001476,TEN0290,VEN0053,7749000,2022-10-12 09:30:27,False
BID001477,TEN0291,VEN0067,2158000,2021-08-28 14:43:18,False
BID001478,TEN0291,VEN0035,2017000,2021-09-09 11:13:29,False
BID001479,TEN0291,VEN0081,1731000,2021-09-09 12:23:32,True
BID001480,TEN0291,VEN0101,1784000,2021-09-24 10:29:08,False
BID001482,TEN0292,VEN0064,5431000,2021-11-08 09:08:27,True
BID001483,TEN0292,VEN0046,5841000,2021-11-11 13:43:11,False
BID001484,TEN0293,VEN0016,1278000,2023-09-14 15:42:15,False
BID001485,TEN0293,VEN0098,1113000,2023-09-07 13:20:42,False
BID001486,TEN0293,VEN0014,1233000,2023-09-05 13:11:59,False
BID001487,TEN0293,VEN0015,855000,2023-09-02 09:21:26,True
BID001488,TEN0293,VEN0002,890000,2023-08-31 17:23:12,False
BID001489,TEN0294,VEN0119,768000,2021-07-16 17:06:37,False
BID001490,TEN0294,VEN0088,788000,2021-08-04 12:51:23,False
BID001491,TEN0294,VEN0053,686000,2021-08-29 09:09:25,True
BID001492,TEN0294,VEN0066,780000,2021-07-22 16:16:27,False
BID001493,TEN0294,VEN0078,728000,2021-08-08 10:42:45,False
BID001494,TEN0295,VEN0086,1321000,2023-01-03 16:53:50,False
BID001495,TEN0295,VEN0016,1266000,2023-01-12 13:04:52,False
BID001496,TEN0295,VEN0099,1143000,2022-12-11 17:01:02,False
BID001497,TEN0295,VEN0013,1173000,2022-12-22 13:37:53,True
BID001498,TEN0295,VEN0015,1203000,2022-12-14 12:24:37,False
BID001499,TEN0295,VEN0026,1190000,2022-12-29 14:37:05,False
BID001500,TEN0295,VEN0040,1325000,2022-12-26 13:59:34,False
BID001501,TEN0296,VEN0084,1424000,2021-12-22 13:04:37,True
BID001502,TEN0296,VEN0103,1603000,2022-01-14 00:00:00,False
BID001503,TEN0297,VEN0024,2674000,2024-05-01 09:18:46,False
BID001504,TEN0297,VEN0101,3034000,2024-05-07 12:42:02,False
BID001505,TEN0297,VEN0092,3124000,2024-04-27 16:47:40,False
BID001506,TEN0297,VEN0037,3725000,2024-04-07 10:19:52,False
BID001507,TEN0297,VEN0028,3540000,2024-04-09 14:05:08,False
BID001508,TEN0297,VEN0035,3204000,2024-03-25 12:08:12,False
BID001509,TEN0297,VEN0012,2568000,2024-04-15 16:31:52,True
BID001510,TEN0297,VEN0064,2950000,2024-05-07 11:55:09,False
BID001511,TEN0298,VEN0010,8374000,2023-09-27 16:18:41,True
BID001512,TEN0298,VEN0052,9283000,2023-09-28 16:59:05,False
BID001513,TEN0298,VEN0056,11250000,2023-09-18 09:48:11,False
BID001514,TEN0299,VEN0067,6550000,2021-12-05 17:46:51,True
BID001515,TEN0299,VEN0084,7330000,2021-11-11 13:05:17,False
BID001516,TEN0299,VEN0090,7745000,2021-11-10 14:43:42,False
BID001517,TEN0300,VEN0081,2850000,2022-01-20 17:52:59,False
BID001518,TEN0300,VEN0093,2699000,2022-02-06 11:27:43,False
BID001519,TEN0300,VEN0037,2014000,2022-01-28 17:12:08,True
BID001520,TEN0301,VEN0053,4356000,2022-03-10 11:22:03,False
BID001521,TEN0301,VEN0077,4218000,2022-02-01 15:35:21,True
BID001522,TEN0301,VEN0066,4906000,2022-02-10 09:17:24,False
BID001523,TEN0302,VEN0028,1349000,2023-09-15 10:53:06,False
BID001524,TEN0302,VEN0061,1177000,2023-09-13 17:09:42,True
BID001525,TEN0302,VEN0019,1487000,2023-09-05 13:25:07,False
BID001526,TEN0302,VEN0092,1606000,2023-09-16 16:47:14,False
BID001527,TEN0302,VEN0046,1353000,2023-09-18 11:00:11,False
BID001528,TEN0303,VEN0071,1039000,2021-03-13 16:06:16,False
BID001529,TEN0303,VEN0014,900000,2021-03-08 15:04:07,True
BID001530,TEN0303,VEN0085,1333000,2021-02-24 11:20:19,False
BID001531,TEN0303,VEN0015,1012000,2021-03-10 15:24:14,False
BID001532,TEN0303,VEN0089,1332000,2021-03-02 09:55:28,False
BID001533,TEN0303,VEN0110,923000,2021-02-25 12:38:49,False
BID001534,TEN0303,VEN0008,1010000,2021-02-20 12:56:24,False
BID001535,TEN0304,VEN0011,1895000,2021-11-11 17:42:17,True
BID001536,TEN0304,VEN0054,1905000,2021-11-10 09:30:55,False
BID001537,TEN0304,VEN0055,2478000,2021-11-18 09:53:11,False
BID001538,TEN0304,VEN0027,2555000,2021-11-04 11:05:38,False
BID001539,TEN0304,VEN0029,2257000,2021-11-21 15:16:17,False
BID001540,TEN0304,VEN0017,2254000,2021-11-08 12:57:51,False
BID001541,TEN0304,VEN0020,2261000,2021-11-18 12:41:37,False
BID001542,TEN0304,VEN0057,2134000,2021-11-05 11:12:38,False
BID001543,TEN0305,VEN0028,5461000,2024-04-22 00:00:00,False
BID001544,TEN0305,VEN0006,6019000,2024-04-20 13:02:13,False
BID001545,TEN0305,VEN0084,5135000,2024-04-07 11:01:20,False
BID001546,TEN0305,VEN0035,5202000,2024-04-13 14:18:39,False
BID001547,TEN0305,VEN0101,6247000,2024-04-18 13:28:02,False
BID001548,TEN0305,VEN0092,5042000,2024-04-15 11:32:03,False
BID001549,TEN0305,VEN0064,4842000,2024-04-09 10:11:53,True
BID001550,TEN0305,VEN0046,5114000,2024-04-08 14:01:47,False
BID001551,TEN0306,VEN0101,4817000,2024-04-08 16:37:21,False
BID001552,TEN0306,VEN0012,3752000,2024-04-15 17:37:18,False
BID001553,TEN0306,VEN0048,3348000,2024-04-08 17:06:33,True
BID001554,TEN0306,VEN0103,3502000,2024-04-04 16:38:19,False
BID001555,TEN0306,VEN0019,3561000,2024-03-28 13:20:13,False
BID001556,TEN0307,VEN0033,34966000,2024-10-22 09:00:20,False
BID001557,TEN0307,VEN0058,28132000,2024-10-20 15:24:21,False
BID001558,TEN0307,VEN0036,44001000,2024-10-28 12:01:33,True
BID001559,TEN0307,VEN0104,27231000,2024-10-26 13:11:44,False
BID001560,TEN0307,VEN0074,34947000,2024-10-31 10:55:04,False
BID001561,TEN0307,VEN0102,32545000,2024-11-02 13:11:51,False
BID001562,TEN0308,VEN0028,8103000,2023-09-20 17:15:17,False
BID001563,TEN0308,VEN0064,6417000,2023-09-24 10:36:15,True
BID001564,TEN0308,VEN0038,8005000,2023-09-08 10:32:36,False
BID001565,TEN0308,VEN0081,8513000,2023-09-25 17:37:06,False
BID001566,TEN0308,VEN0061,8076000,2023-09-24 11:29:13,False
BID001567,TEN0308,VEN0006,7476000,2023-09-21 09:01:55,False
BID001568,TEN0309,VEN0026,1547000,2022-10-09 10:58:23,False
BID001569,TEN0309,VEN0013,1233000,2022-09-19 13:46:59,True
BID001570,TEN0309,VEN0040,1304000,2022-09-28 15:33:34,False
BID001571,TEN0309,VEN0002,1368000,2022-10-03 17:24:53,False
BID001572,TEN0309,VEN0112,1756000,2022-09-18 11:19:59,False
BID001573,TEN0310,VEN0035,4838000,2024-07-22 14:09:56,False
BID001574,TEN0310,VEN0028,3702000,2024-07-17 17:50:27,True
BID001575,TEN0311,VEN0090,6336000,2023-10-28 09:45:49,False
BID001576,TEN0311,VEN0035,8211000,2023-11-14 10:40:16,False
BID001577,TEN0311,VEN0037,6048000,2023-10-16 13:55:11,False
BID001578,TEN0311,VEN0038,6862000,2023-11-25 15:06:14,False
BID001579,TEN0311,VEN0012,5580000,2023-11-13 09:17:56,True
BID001580,TEN0311,VEN0046,6710000,2023-10-19 15:26:01,False
BID001581,TEN0311,VEN0067,6462000,2023-10-23 14:21:19,False
BID001582,TEN0312,VEN0010,5514000,2023-12-14 15:47:43,False
BID001583,TEN0312,VEN0041,5404000,2023-11-28 15:34:57,True
BID001584,TEN0313,VEN0061,2391000,2023-09-20 10:15:13,True
BID001585,TEN0313,VEN0019,2473000,2023-10-11 15:41:30,False
BID001586,TEN0313,VEN0064,2508000,2023-10-12 15:07:47,False
BID001587,TEN0313,VEN0012,2470000,2023-10-05 11:43:26,False
BID001588,TEN0313,VEN0035,2546000,2023-09-24 11:42:22,False
BID001589,TEN0314,VEN0041,57911000,2024-10-15 13:51:17,False
BID001590,TEN0314,VEN0120,50616000,2024-10-09 13:24:36,False
BID001591,TEN0314,VEN0104,42379000,2024-10-24 09:23:52,True
BID001592,TEN0315,VEN0044,4741000,2021-07-19 14:15:45,False
BID001593,TEN0315,VEN0066,6728000,2021-07-15 12:58:04,True
BID001594,TEN0315,VEN0022,4408000,2021-07-08 14:15:57,False
BID001595,TEN0315,VEN0078,4282000,2021-07-20 16:19:17,False
BID001596,TEN0316,VEN0020,3692000,2024-04-28 12:55:48,False
BID001597,TEN0316,VEN0082,3123000,2024-04-18 09:55:24,False
BID001598,TEN0316,VEN0091,3433000,2024-04-27 11:54:30,False
BID001599,TEN0316,VEN0065,3030000,2024-04-21 15:44:51,False
BID001600,TEN0316,VEN0113,3267000,2024-04-29 12:00:34,False
BID001601,TEN0316,VEN0027,3268000,2024-05-09 17:26:21,False
BID001602,TEN0316,VEN0079,2952000,2024-05-01 09:04:42,True
BID001603,TEN0316,VEN0070,3698000,2024-05-14 12:54:18,False
BID001604,TEN0317,VEN0040,368000,2021-04-16 14:07:42,False
BID001605,TEN0317,VEN0050,338000,2021-04-24 13:53:29,False
BID001606,TEN0317,VEN0051,273000,2021-05-03 13:43:15,True
BID001607,TEN0318,VEN0090,1453000,2022-04-20 15:22:08,False
BID001608,TEN0318,VEN0035,1598000,2022-04-20 10:21:13,False
BID001609,TEN0318,VEN0084,1381000,2022-04-28 12:41:29,True
BID001610,TEN0319,VEN0067,1144000,2023-12-16 13:02:13,False
BID001611,TEN0319,VEN0048,1032000,2023-12-26 09:13:12,False
BID001612,TEN0319,VEN0006,1104000,2024-01-14 10:14:25,False
BID001613,TEN0319,VEN0046,823000,2023-12-17 11:59:58,True
BID001614,TEN0320,VEN0005,8461000,2022-07-29 12:28:00,False
BID001615,TEN0320,VEN0076,8249000,2022-07-08 13:40:55,False
BID001616,TEN0320,VEN0047,8233000,2022-07-17 11:10:20,False
BID001617,TEN0320,VEN0027,9914000,2022-07-18 09:36:18,False
BID001618,TEN0320,VEN0079,7135000,2022-08-02 00:00:00,True
BID001619,TEN0320,VEN0109,9159000,2022-07-28 13:53:45,False
BID001620,TEN0320,VEN0115,8496000,2022-07-18 14:50:53,False
BID001621,TEN0321,VEN0112,940000,2022-06-01 09:31:48,True
BID001622,TEN0321,VEN0080,1139000,2022-06-09 09:44:16,False
BID001623,TEN0321,VEN0026,1268000,2022-05-20 16:11:30,False
BID001624,TEN0322,VEN0029,10478000,2024-02-29 11:03:44,False
BID001625,TEN0322,VEN0034,9426000,2024-03-18 11:22:59,True
BID001626,TEN0322,VEN0114,9927000,2024-02-05 12:21:01,False
BID001627,TEN0322,VEN0027,10302000,2024-01-31 09:45:58,False
BID001628,TEN0322,VEN0031,12209000,2024-03-02 14:48:48,False
BID001629,TEN0322,VEN0113,11377000,2024-02-15 15:56:05,False
BID001630,TEN0322,VEN0076,10039000,2024-02-03 09:22:38,False
BID001631,TEN0322,VEN0073,9731000,2024-02-07 17:54:41,False
BID001632,TEN0323,VEN0001,25293000,2022-06-12 11:29:57,False
BID001633,TEN0323,VEN0033,17370000,2022-06-08 10:47:02,True
BID001634,TEN0324,VEN0044,13207000,2023-02-08 11:56:47,False
BID001635,TEN0324,VEN0119,14227000,2023-01-28 15:19:03,False
BID001636,TEN0324,VEN0096,10755000,2023-02-10 16:12:43,True
BID001637,TEN0324,VEN0078,11872000,2023-01-30 14:23:20,False
BID001638,TEN0324,VEN0094,14724000,2023-01-18 12:26:09,False
BID001639,TEN0325,VEN0041,23412000,2023-12-07 10:12:40,False
BID001640,TEN0325,VEN0058,20781000,2023-11-16 09:41:53,False
BID001641,TEN0325,VEN0087,18566000,2023-11-14 13:52:03,True
BID001642,TEN0325,VEN0010,25619000,2023-10-20 11:28:34,False
BID001643,TEN0325,VEN0033,25163000,2023-11-25 13:40:03,False
BID001644,TEN0326,VEN0105,521000,2024-12-06 10:24:22,False
BID001645,TEN0326,VEN0080,468000,2024-11-26 12:07:26,False
BID001646,TEN0326,VEN0098,426000,2024-12-07 10:17:15,True
BID001647,TEN0326,VEN0099,457000,2024-12-13 15:44:42,False
BID001648,TEN0326,VEN0059,443000,2024-12-15 17:36:37,False
BID001649,TEN0327,VEN0081,4768000,2023-07-14 13:29:32,False
BID001650,TEN0327,VEN0028,6182000,2023-08-03 14:24:44,False
BID001651,TEN0327,VEN0046,6072000,2023-08-08 12:35:22,False
BID001652,TEN0327,VEN0095,6660000,2023-07-01 13:11:25,False
BID001653,TEN0327,VEN0092,4616000,2023-06-22 13:22:48,True
BID001654,TEN0328,VEN0038,4849000,2022-09-09 16:57:08,False
BID001655,TEN0328,VEN0103,4566000,2022-09-02 12:49:53,True
BID001656,TEN0329,VEN0078,17658000,2022-12-07 16:07:04,False
BID001657,TEN0329,VEN0068,15486000,2022-12-25 09:07:19,True
BID001658,TEN0330,VEN0012,3222000,2022-03-27 14:41:59,True
BID001659,TEN0330,VEN0037,3714000,2022-03-04 15:07:31,False
BID001660,TEN0330,VEN0090,3717000,2022-03-23 16:36:36,False
BID001661,TEN0330,VEN0019,4193000,2022-02-25 15:14:34,False
BID001662,TEN0330,VEN0006,4068000,2022-02-20 13:17:43,False
BID001663,TEN0330,VEN0028,4386000,2022-02-24 14:52:51,False
BID001664,TEN0331,VEN0036,9100000,2022-10-02 17:09:57,True
BID001665,TEN0331,VEN0052,9215000,2022-10-04 13:10:20,False
BID001666,TEN0332,VEN0058,5716000,2023-12-25 17:41:00,False
BID001667,TEN0332,VEN0120,4878000,2023-12-17 15:04:13,False
BID001668,TEN0332,VEN0041,4696000,2024-01-08 09:32:10,True
BID001669,TEN0332,VEN0074,6206000,2023-12-21 16:09:52,False
BID001670,TEN0332,VEN0007,6094000,2023-12-18 14:44:05,False
BID001671,TEN0332,VEN0036,5905000,2023-12-26 09:27:38,False
BID001672,TEN0332,VEN0010,5608000,2023-12-17 16:31:35,False
BID001673,TEN0333,VEN0086,262000,2024-05-11 12:20:01,False
BID001674,TEN0333,VEN0106,313000,2024-05-05 15:42:39,False
BID001675,TEN0333,VEN0026,291000,2024-05-10 17:03:54,False
BID001676,TEN0333,VEN0043,227000,2024-04-21 09:07:21,True
BID001677,TEN0333,VEN0085,254000,2024-05-21 10:03:32,False
BID001678,TEN0333,VEN0014,350000,2024-05-26 13:00:40,False
BID001679,TEN0334,VEN0063,10983000,2024-05-18 13:41:46,False
BID001680,TEN0334,VEN0111,8862000,2024-06-04 15:23:02,True
BID001681,TEN0334,VEN0066,9881000,2024-05-17 11:45:59,False
BID001682,TEN0334,VEN0053,10816000,2024-06-16 13:05:23,False
BID001683,TEN0334,VEN0088,9329000,2024-05-31 16:01:12,False
BID001684,TEN0334,VEN0044,9763000,2024-06-07 13:30:35,False
BID001685,TEN0334,VEN0068,10061000,2024-06-16 12:37:23,False
BID001686,TEN0335,VEN0063,13682000,2021-10-19 09:04:47,False
BID001687,TEN0335,VEN0066,9922000,2021-10-18 16:14:51,True
BID001688,TEN0335,VEN0119,13487000,2021-11-04 15:21:35,False
BID001689,TEN0336,VEN0072,48129000,2021-07-08 11:57:54,False
BID001690,TEN0336,VEN0036,48168000,2021-06-03 15:21:43,False
BID001691,TEN0336,VEN0104,42386000,2021-06-29 10:51:55,True
BID001692,TEN0337,VEN0023,34072000,2024-04-06 13:05:31,False
BID001693,TEN0337,VEN0104,37640000,2024-04-08 17:11:51,False
BID001694,TEN0337,VEN0018,30589000,2024-02-18 09:57:39,False
BID001695,TEN0337,VEN0036,29913000,2024-03-04 14:04:53,True
BID001696,TEN0338,VEN0097,7657000,2021-11-06 14:33:42,True
BID001697,TEN0338,VEN0053,8815000,2021-10-20 14:18:41,False
BID001698,TEN0338,VEN0119,8857000,2021-11-15 17:54:50,False
BID001699,TEN0339,VEN0106,1617000,2021-10-16 16:08:18,False
BID001700,TEN0339,VEN0108,1632000,2021-10-13 13:37:31,False
BID001701,TEN0339,VEN0050,1470000,2021-10-22 13:45:02,True
BID001702,TEN0340,VEN0120,18996000,2021-11-15 17:02:18,False
BID001703,TEN0340,VEN0118,13769000,2021-11-02 17:12:52,False
BID001704,TEN0340,VEN0010,13607000,2021-11-18 12:52:34,False
BID001705,TEN0340,VEN0052,17836000,2021-11-21 12:25:24,False
BID001706,TEN0340,VEN0058,18607000,2021-11-16 11:49:47,False
BID001707,TEN0340,VEN0074,15457000,2021-12-01 16:26:04,False
BID001708,TEN0340,VEN0023,13073000,2021-10-28 14:27:55,True
BID001709,TEN0340,VEN0069,15822000,2021-10-31 14:02:30,False
BID001710,TEN0341,VEN0038,5764000,2023-07-05 14:34:28,False
BID001711,TEN0341,VEN0006,6083000,2023-07-21 16:19:41,False
BID001712,TEN0341,VEN0067,6356000,2023-07-10 17:58:13,False
BID001713,TEN0341,VEN0093,5836000,2023-07-03 12:10:42,False
BID001714,TEN0341,VEN0037,5960000,2023-07-10 16:43:33,False
BID001715,TEN0341,VEN0048,6228000,2023-07-19 17:52:36,False
BID001716,TEN0341,VEN0064,5039000,2023-07-20 12:14:29,True
BID001717,TEN0341,VEN0061,6404000,2023-07-07 14:25:35,False
BID001718,TEN0342,VEN0100,6643000,2022-03-25 15:29:05,False
BID001719,TEN0342,VEN0087,4780000,2022-03-30 12:49:58,True
BID001720,TEN0342,VEN0045,5648000,2022-03-20 14:47:37,False
BID001721,TEN0342,VEN0104,6071000,2022-03-04 13:43:19,False
BID001722,TEN0342,VEN0083,6068000,2022-03-01 17:23:17,False
BID001723,TEN0342,VEN0072,5952000,2022-04-04 10:02:53,False
BID001724,TEN0342,VEN0007,6157000,2022-03-14 17:00:48,False
BID001725,TEN0343,VEN0064,3768000,2022-02-01 12:48:20,False
BID001726,TEN0343,VEN0101,4018000,2022-02-07 10:56:09,False
BID001727,TEN0343,VEN0028,4116000,2022-02-04 15:20:30,False
BID001728,TEN0343,VEN0084,3272000,2022-02-04 15:48:30,False
BID001729,TEN0343,VEN0019,2638000,2022-02-15 00:00:00,True
BID001730,TEN0343,VEN0046,3201000,2022-02-10 17:04:39,False
BID001731,TEN0343,VEN0035,3953000,2022-02-11 11:38:23,False
BID001732,TEN0343,VEN0038,4520000,2022-02-12 11:37:04,False
BID001733,TEN0344,VEN0060,2080000,2023-11-03 09:36:56,False
BID001734,TEN0344,VEN0040,1485000,2023-11-16 16:59:34,False
BID001735,TEN0344,VEN0050,1613000,2023-11-22 14:36:19,False
BID001736,TEN0344,VEN0051,1757000,2023-11-06 14:33:10,False
BID001737,TEN0344,VEN0107,1263000,2023-10-20 12:47:33,False
BID001738,TEN0344,VEN0059,1890000,2023-10-24 10:55:33,False
BID001739,TEN0344,VEN0075,1202000,2023-12-02 12:59:11,True
BID001740,TEN0345,VEN0020,612000,2024-09-27 10:51:34,False
BID001741,TEN0345,VEN0034,493000,2024-09-24 17:10:54,True
BID001743,TEN0346,VEN0094,12454000,2023-11-04 16:43:10,False
BID001744,TEN0346,VEN0119,10992000,2023-10-21 09:32:00,True
BID001745,TEN0346,VEN0022,12665000,2023-10-26 14:32:32,False
BID001746,TEN0346,VEN0088,11122000,2023-10-10 11:11:26,False
BID001747,TEN0346,VEN0063,11281000,2023-10-20 14:34:40,False
BID001748,TEN0347,VEN0090,5494000,2024-03-10 00:00:00,True
BID001749,TEN0347,VEN0019,6295000,2024-02-22 09:05:11,False
BID001750,TEN0348,VEN0066,15719000,2022-01-11 16:21:29,False
BID001751,TEN0348,VEN0009,13415000,2021-12-19 12:27:13,False
BID001752,TEN0348,VEN0094,12169000,2021-12-12 13:24:23,False
BID001753,TEN0348,VEN0077,14842000,2022-01-25 15:44:01,False
BID001754,TEN0348,VEN0119,17177000,2021-12-20 10:33:27,False
BID001755,TEN0348,VEN0022,10606000,2021-12-08 12:50:11,True
BID001756,TEN0349,VEN0052,49519000,2024-07-12 13:24:19,True
BID001757,TEN0349,VEN0118,49692000,2024-06-27 16:44:44,False
BID001758,TEN0350,VEN0062,181000,2023-12-09 09:51:54,False
BID001759,TEN0350,VEN0008,232000,2023-11-28 15:50:54,False
BID001760,TEN0350,VEN0060,188000,2023-12-16 16:53:30,False
BID001761,TEN0350,VEN0040,143000,2023-11-29 13:38:44,True
BID001762,TEN0350,VEN0112,219000,2023-12-13 12:11:51,False
BID001763,TEN0350,VEN0051,174000,2023-12-10 11:56:58,False
BID001764,TEN0351,VEN0035,3640000,2021-08-21 14:19:17,True
BID001765,TEN0351,VEN0084,3990000,2021-08-24 10:27:35,False
BID001766,TEN0352,VEN0109,2214000,2025-01-21 11:37:39,False
BID001767,TEN0352,VEN0027,2341000,2024-12-17 10:09:19,False
BID001768,TEN0352,VEN0113,2200000,2025-01-08 14:50:10,False
BID001769,TEN0352,VEN0114,2450000,2025-01-07 12:26:12,False
BID001770,TEN0352,VEN0017,1906000,2025-01-14 11:34:39,True
BID001771,TEN0352,VEN0020,2137000,2025-01-19 11:09:55,False
BID001772,TEN0352,VEN0034,2258000,2025-01-18 11:31:13,False
BID001773,TEN0353,VEN0008,1978000,2021-02-28 17:17:40,False
BID001774,TEN0353,VEN0071,1660000,2021-02-20 16:09:27,True
BID001775,TEN0354,VEN0022,15498000,2021-12-14 10:35:21,False
BID001776,TEN0354,VEN0068,21495000,2021-12-11 16:19:49,True
BID001777,TEN0354,VEN0066,16503000,2021-12-15 17:35:40,False
BID001778,TEN0355,VEN0081,2949000,2023-11-01 17:33:40,False
BID001779,TEN0355,VEN0006,3443000,2023-10-31 12:26:15,False
BID001780,TEN0355,VEN0035,2268000,2023-10-18 10:24:40,True
BID001781,TEN0355,VEN0038,3053000,2023-11-11 16:21:09,False
BID001782,TEN0355,VEN0084,2703000,2023-11-13 16:01:30,False
BID001783,TEN0355,VEN0061,3078000,2023-10-30 14:26:58,False
BID001784,TEN0355,VEN0103,2897000,2023-10-14 14:31:58,False
BID001785,TEN0356,VEN0033,22379000,2024-07-23 09:12:27,False
BID001786,TEN0356,VEN0120,19264000,2024-08-24 00:00:00,False
BID001787,TEN0356,VEN0104,19190000,2024-07-25 09:40:46,False
BID001788,TEN0356,VEN0041,17190000,2024-07-10 09:06:43,True
BID001789,TEN0356,VEN0074,20426000,2024-07-27 11:01:33,False
BID001790,TEN0356,VEN0100,17961000,2024-08-11 12:18:36,False
BID001791,TEN0356,VEN0069,20436000,2024-08-08 17:03:36,False
BID001792,TEN0357,VEN0099,1681000,2024-08-29 17:19:47,False
BID001793,TEN0357,VEN0051,1838000,2024-08-10 09:18:06,False
BID001794,TEN0357,VEN0062,1717000,2024-08-22 12:55:20,False
BID001795,TEN0357,VEN0106,1312000,2024-08-24 11:40:15,False
BID001796,TEN0357,VEN0002,1320000,2024-08-28 17:48:06,False
BID001797,TEN0357,VEN0086,1317000,2024-08-26 14:51:43,False
BID001798,TEN0357,VEN0059,1291000,2024-08-11 16:09:25,True
BID001799,TEN0357,VEN0014,1546000,2024-08-06 13:34:41,False
BID001800,TEN0358,VEN0033,17517000,2021-10-17 15:02:57,False
BID001801,TEN0358,VEN0007,18190000,2021-10-07 10:52:35,False
BID001802,TEN0358,VEN0120,20057000,2021-09-13 10:33:17,False
BID001803,TEN0358,VEN0018,18855000,2021-09-29 13:39:35,False
BID001804,TEN0358,VEN0072,13639000,2021-09-30 13:34:38,True
BID001805,TEN0358,VEN0045,17395000,2021-09-16 13:20:57,False
BID001806,TEN0359,VEN0053,1063000,2021-04-29 12:06:08,False
BID001807,TEN0359,VEN0068,1224000,2021-04-06 11:02:17,False
BID001808,TEN0359,VEN0077,951000,2021-04-27 09:43:30,False
BID001809,TEN0359,VEN0032,1300000,2021-04-09 15:09:01,False
BID001810,TEN0359,VEN0119,911000,2021-04-10 16:22:48,True
BID001811,TEN0359,VEN0022,1023000,2021-04-25 11:14:06,False
BID001812,TEN0360,VEN0061,1190000,2024-07-02 09:10:01,True
BID001813,TEN0360,VEN0093,1232000,2024-07-08 11:46:37,False
BID001814,TEN0361,VEN0092,5141000,2023-08-03 11:13:33,False
BID001815,TEN0361,VEN0095,3929000,2023-08-28 11:26:52,False
BID001816,TEN0361,VEN0093,4959000,2023-08-21 09:34:35,False
BID001817,TEN0361,VEN0019,3914000,2023-09-01 11:03:01,True
BID001818,TEN0361,VEN0084,4771000,2023-08-07 13:59:49,False
BID001819,TEN0361,VEN0046,4529000,2023-08-16 11:03:02,False
BID001820,TEN0361,VEN0028,4427000,2023-08-23 14:56:25,False
BID001821,TEN0362,VEN0073,3731000,2024-06-22 15:10:03,False
BID001822,TEN0362,VEN0047,3847000,2024-06-08 15:15:54,False
BID001823,TEN0362,VEN0109,3291000,2024-06-17 14:15:11,False
BID001824,TEN0362,VEN0020,3411000,2024-06-26 09:45:27,False
BID001825,TEN0362,VEN0054,2887000,2024-07-11 14:35:30,True
BID001826,TEN0362,VEN0116,4205000,2024-06-28 12:15:33,False
BID001827,TEN0362,VEN0017,4070000,2024-07-01 16:48:47,False
BID001828,TEN0362,VEN0011,4423000,2024-06-13 15:33:09,False
BID001829,TEN0363,VEN0004,4190000,2021-09-22 17:04:48,False
BID001830,TEN0363,VEN0114,5056000,2021-09-21 15:40:02,False
BID001831,TEN0363,VEN0113,5027000,2021-10-01 13:36:11,False
BID001832,TEN0363,VEN0054,4590000,2021-09-10 13:15:57,False
BID001833,TEN0363,VEN0034,3769000,2021-09-29 16:14:49,True
BID001834,TEN0363,VEN0070,5095000,2021-10-02 13:12:13,False
BID001835,TEN0364,VEN0020,8178000,2024-08-17 09:35:22,False
BID001836,TEN0364,VEN0034,10283000,2024-08-08 09:05:08,True
BID001837,TEN0365,VEN0034,782000,2023-09-25 16:13:51,True
BID001838,TEN0365,VEN0073,861000,2023-10-01 09:27:46,False
BID001839,TEN0365,VEN0070,882000,2023-09-29 17:18:25,False
BID001840,TEN0366,VEN0020,2068000,2022-07-09 16:29:20,True
BID001841,TEN0366,VEN0076,2755000,2022-07-12 11:57:56,False
BID001842,TEN0366,VEN0055,2116000,2022-07-04 09:41:13,False
BID001843,TEN0367,VEN0054,7478000,2023-10-18 15:32:15,False
BID001844,TEN0367,VEN0076,7716000,2023-10-13 10:41:24,False
BID001845,TEN0367,VEN0029,8767000,2023-09-09 14:28:09,False
BID001846,TEN0367,VEN0020,5826000,2023-09-17 16:21:24,False
BID001847,TEN0367,VEN0109,5656000,2023-09-08 17:27:09,True
BID001848,TEN0367,VEN0057,8866000,2023-08-23 09:49:32,False
BID001849,TEN0368,VEN0107,1636000,2021-05-14 12:35:22,False
BID001850,TEN0368,VEN0060,1251000,2021-05-02 10:19:28,True
BID001851,TEN0368,VEN0098,1396000,2021-05-10 17:26:08,False
BID001852,TEN0368,VEN0105,1565000,2021-05-26 09:15:37,False
BID001853,TEN0368,VEN0099,1558000,2021-04-22 13:14:40,False
BID001854,TEN0368,VEN0112,1378000,2021-06-01 09:48:19,False
BID001855,TEN0369,VEN0109,6559000,2022-04-05 10:52:31,True
BID001856,TEN0369,VEN0054,6878000,2022-02-24 10:59:46,False
BID001857,TEN0369,VEN0034,7619000,2022-03-25 16:36:35,False
BID001858,TEN0369,VEN0055,7182000,2022-03-27 10:55:43,False
BID001859,TEN0370,VEN0084,5167000,2023-03-19 15:12:02,True
BID001860,TEN0370,VEN0103,6963000,2023-03-16 17:25:43,False
BID001861,TEN0371,VEN0092,1482000,2023-11-12 14:18:30,False
BID001862,TEN0371,VEN0101,1571000,2023-11-12 10:33:04,False
BID001863,TEN0371,VEN0019,1470000,2023-11-12 14:12:44,False
BID001864,TEN0371,VEN0081,1578000,2023-10-06 17:03:59,False
BID001865,TEN0371,VEN0038,1240000,2023-10-11 12:35:16,False
BID001866,TEN0371,VEN0084,1502000,2023-09-27 16:33:47,False
BID001867,TEN0371,VEN0006,1211000,2023-11-17 09:35:26,True
BID001868,TEN0371,VEN0103,1272000,2023-10-07 16:52:15,False
BID001869,TEN0372,VEN0088,13013000,2024-09-06 09:22:26,False
BID001870,TEN0372,VEN0097,18716000,2024-08-19 10:02:59,False
BID001871,TEN0372,VEN0063,13009000,2024-07-22 15:57:03,True
BID001872,TEN0372,VEN0119,15206000,2024-07-15 10:52:38,False
BID001873,TEN0372,VEN0096,13488000,2024-08-15 17:42:54,False
BID001874,TEN0372,VEN0009,14427000,2024-07-18 16:42:09,False
BID001875,TEN0372,VEN0068,16590000,2024-07-31 14:35:32,False
BID001876,TEN0372,VEN0077,13472000,2024-08-06 16:11:23,False
BID001877,TEN0373,VEN0081,5257000,2023-08-02 09:03:23,False
BID001878,TEN0373,VEN0084,5384000,2023-08-08 13:55:30,False
BID001879,TEN0373,VEN0101,6287000,2023-08-17 16:22:36,False
BID001880,TEN0373,VEN0092,5503000,2023-08-01 09:08:18,False
BID001881,TEN0373,VEN0019,5403000,2023-08-07 17:59:43,False
BID001882,TEN0373,VEN0048,4921000,2023-08-26 15:47:04,True
BID001883,TEN0373,VEN0037,6018000,2023-08-15 09:02:30,False
BID001884,TEN0373,VEN0035,5179000,2023-09-02 16:57:56,False
BID001885,TEN0374,VEN0074,4981000,2022-07-13 11:36:32,False
BID001886,TEN0374,VEN0058,3633000,2022-08-01 14:24:54,True
BID001887,TEN0375,VEN0028,7482000,2022-12-05 13:27:41,False
BID001888,TEN0375,VEN0012,8289000,2022-10-22 15:54:44,False
BID001889,TEN0375,VEN0067,7356000,2022-11-04 16:38:05,True
BID001890,TEN0375,VEN0048,8004000,2022-11-23 14:05:14,False
BID001891,TEN0376,VEN0021,4608000,2021-04-22 16:38:11,False
BID001892,TEN0376,VEN0076,4064000,2021-04-22 12:00:17,False
BID001893,TEN0376,VEN0011,4477000,2021-04-20 11:43:01,False
BID001894,TEN0376,VEN0091,4624000,2021-04-14 11:47:00,False
BID001895,TEN0376,VEN0113,3928000,2021-04-02 11:29:44,False
BID001896,TEN0376,VEN0057,4813000,2021-04-17 11:43:09,False
BID001897,TEN0376,VEN0115,4169000,2021-04-07 12:12:13,False
BID001898,TEN0376,VEN0031,3681000,2021-04-26 09:32:31,True
BID001899,TEN0377,VEN0066,11301000,2024-01-05 00:00:00,False
BID001900,TEN0377,VEN0009,9203000,2024-01-02 13:40:08,False
BID001901,TEN0377,VEN0077,9286000,2024-01-04 10:09:16,False
BID001902,TEN0377,VEN0063,8919000,2023-12-05 11:32:28,False
BID001903,TEN0377,VEN0039,10123000,2023-12-02 17:29:42,False
BID001904,TEN0377,VEN0111,8744000,2024-01-02 17:59:38,True
BID001905,TEN0377,VEN0022,10464000,2023-12-02 10:33:10,False
BID001906,TEN0378,VEN0015,651000,2021-09-10 17:08:46,True
BID001907,TEN0378,VEN0062,816000,2021-09-17 12:44:20,False
BID001908,TEN0378,VEN0026,805000,2021-09-21 17:22:31,False
BID001909,TEN0378,VEN0110,771000,2021-09-19 09:48:16,False
BID001910,TEN0378,VEN0089,726000,2021-09-29 10:33:05,False
BID001911,TEN0379,VEN0039,2235000,2024-11-18 17:10:35,False
BID001912,TEN0379,VEN0111,2152000,2024-10-22 16:41:38,False
BID001913,TEN0379,VEN0022,1758000,2024-11-22 17:33:41,True
BID001914,TEN0380,VEN0113,2788000,2024-07-15 09:53:33,False
BID001915,TEN0380,VEN0005,2118000,2024-06-24 15:10:42,True
BID001916,TEN0380,VEN0091,2530000,2024-06-24 10:36:54,False
BID001917,TEN0380,VEN0073,2162000,2024-07-15 14:45:09,False
BID001918,TEN0380,VEN0029,2511000,2024-06-23 16:59:58,False
BID001919,TEN0380,VEN0011,2132000,2024-07-14 12:07:58,False
BID001920,TEN0380,VEN0004,2355000,2024-07-18 12:40:02,False
BID001921,TEN0380,VEN0115,2300000,2024-07-13 14:06:25,False
BID001922,TEN0381,VEN0040,1159000,2023-11-21 14:58:52,False
BID001923,TEN0381,VEN0075,1260000,2023-11-28 12:24:59,False
BID001924,TEN0381,VEN0071,1148000,2023-11-14 16:43:21,False
BID001925,TEN0381,VEN0050,1296000,2023-12-04 00:00:00,False
BID001926,TEN0381,VEN0107,1168000,2023-12-03 14:30:01,False
BID001927,TEN0381,VEN0026,999000,2023-12-01 09:03:42,False
BID001928,TEN0381,VEN0049,890000,2023-11-13 12:56:08,True
BID001929,TEN0382,VEN0094,9406000,2023-11-11 15:52:10,False
BID001930,TEN0382,VEN0044,9811000,2023-11-20 12:01:09,False
BID001931,TEN0382,VEN0097,9258000,2023-11-05 17:29:45,True
BID001932,TEN0382,VEN0009,11052000,2023-11-07 13:33:09,False
BID001933,TEN0382,VEN0077,11050000,2023-11-01 15:36:38,False
BID001935,TEN0383,VEN0074,32968000,2024-03-06 15:28:19,True
BID001940,TEN0383,VEN0087,42966000,2024-04-11 00:00:00,False
BID001941,TEN0384,VEN0027,3673000,2022-08-03 00:00:00,True
BID001942,TEN0384,VEN0005,3945000,2022-06-26 11:08:41,False
BID001943,TEN0384,VEN0070,4014000,2022-07-22 14:07:36,False
BID001944,TEN0384,VEN0054,4394000,2022-08-02 10:11:16,False
BID001945,TEN0384,VEN0057,4074000,2022-06-26 17:47:34,False
BID001946,TEN0384,VEN0114,4672000,2022-07-12 13:56:18,False
BID001947,TEN0384,VEN0034,4235000,2022-07-18 09:02:56,False
BID001948,TEN0385,VEN0089,1381000,2022-05-28 10:30:06,True
BID001949,TEN0385,VEN0016,1876000,2022-06-04 10:31:43,False
BID001950,TEN0385,VEN0080,1702000,2022-06-01 16:28:06,False
BID001951,TEN0385,VEN0059,1833000,2022-05-06 14:18:41,False
BID001952,TEN0385,VEN0014,1552000,2022-05-19 09:55:44,False
BID001953,TEN0385,VEN0013,1538000,2022-05-23 17:32:41,False
BID001954,TEN0385,VEN0105,1456000,2022-05-16 13:42:15,False
BID001955,TEN0386,VEN0059,829000,2022-05-13 16:24:35,False
BID001956,TEN0386,VEN0015,769000,2022-05-05 15:08:16,False
BID001957,TEN0386,VEN0089,781000,2022-05-04 10:14:29,False
BID001958,TEN0386,VEN0112,1005000,2022-04-26 13:36:32,False
BID001959,TEN0386,VEN0062,661000,2022-05-19 11:33:12,True
BID001960,TEN0386,VEN0110,766000,2022-05-09 16:53:52,False
BID001961,TEN0386,VEN0040,1027000,2022-06-11 12:06:22,False
BID001962,TEN0386,VEN0098,926000,2022-05-23 15:16:41,False
BID001963,TEN0387,VEN0102,11542000,2023-12-23 11:55:41,False
BID001964,TEN0387,VEN0036,11926000,2023-12-31 17:31:36,False
BID001965,TEN0387,VEN0041,9230000,2023-12-27 12:53:27,True
BID001966,TEN0387,VEN0117,11098000,2024-01-07 14:34:45,False
BID001967,TEN0388,VEN0076,4110000,2021-05-13 17:58:24,False
BID001968,TEN0388,VEN0082,4098000,2021-05-28 16:31:49,True
BID001969,TEN0388,VEN0109,4656000,2021-06-08 12:08:48,False
BID001970,TEN0388,VEN0116,4923000,2021-06-08 11:22:30,False
BID001971,TEN0389,VEN0103,5070000,2024-10-15 12:08:09,True
BID001972,TEN0389,VEN0090,7696000,2024-10-11 16:23:32,False
BID001973,TEN0389,VEN0037,6014000,2024-10-15 15:27:12,False
BID001974,TEN0389,VEN0081,5557000,2024-10-08 15:21:17,False
BID001975,TEN0390,VEN0092,2635000,2022-06-04 14:40:43,False
BID001976,TEN0390,VEN0061,3054000,2022-07-14 12:45:59,False
BID001977,TEN0390,VEN0024,2506000,2022-06-26 10:03:56,False
BID001978,TEN0390,VEN0095,2166000,2022-06-03 13:43:34,True
BID001979,TEN0391,VEN0089,145000,2021-06-12 10:53:10,False
BID001980,TEN0391,VEN0015,111000,2021-05-21 12:40:35,False
BID001981,TEN0391,VEN0016,134000,2021-05-23 17:32:45,False
BID001982,TEN0391,VEN0112,116000,2021-06-08 11:06:29,False
BID001983,TEN0391,VEN0060,101000,2021-05-26 09:19:54,True
BID001984,TEN0391,VEN0071,106000,2021-06-07 14:28:43,False
BID001985,TEN0391,VEN0098,117000,2021-05-26 17:25:25,False
BID001986,TEN0392,VEN0116,6830000,2022-01-24 11:46:19,False
BID001987,TEN0392,VEN0115,5948000,2022-02-03 15:34:31,True
BID001988,TEN0392,VEN0004,8134000,2022-01-21 09:59:11,False
BID001989,TEN0392,VEN0114,7539000,2022-01-10 09:54:19,False
BID001990,TEN0392,VEN0021,8131000,2022-01-20 17:54:02,False
BID001991,TEN0392,VEN0054,6261000,2022-02-01 13:24:27,False
BID001992,TEN0393,VEN0094,16097000,2024-06-25 16:31:34,False
BID001993,TEN0393,VEN0111,13890000,2024-07-26 14:55:19,True
BID001994,TEN0394,VEN0070,8925000,2023-07-03 09:36:27,False
BID001995,TEN0394,VEN0082,11715000,2023-07-04 10:25:04,False
BID001996,TEN0394,VEN0047,10721000,2023-07-13 09:54:06,False
BID001997,TEN0394,VEN0054,7299000,2023-07-17 13:38:14,True
BID001998,TEN0395,VEN0003,1732000,2021-03-01 12:48:43,True
BID001999,TEN0395,VEN0050,1743000,2021-03-03 12:37:05,False
BID002000,TEN0395,VEN0105,1772000,2021-03-10 13:05:23,False
BID002001,TEN0395,VEN0060,1835000,2021-02-25 10:11:39,False
BID002002,TEN0395,VEN0002,1878000,2021-03-04 16:51:16,False
BID002003,TEN0396,VEN0120,2810000,2021-08-09 10:59:45,False
BID002004,TEN0396,VEN0074,2281000,2021-07-31 09:26:44,True
BID002005,TEN0396,VEN0087,2699000,2021-07-14 13:12:40,False
BID002006,TEN0396,VEN0052,3027000,2021-07-19 15:49:55,False
BID002007,TEN0396,VEN0018,2910000,2021-08-20 00:00:00,False
BID002008,TEN0397,VEN0018,8007000,2021-10-23 09:24:10,False
BID002009,TEN0397,VEN0058,7596000,2021-10-14 15:06:36,False
BID002010,TEN0397,VEN0045,8476000,2021-10-22 11:25:05,False
BID002011,TEN0397,VEN0100,6851000,2021-10-14 17:03:10,True
BID002012,TEN0397,VEN0056,9244000,2021-10-22 14:27:42,False
BID002013,TEN0397,VEN0072,6861000,2021-10-17 17:25:03,False
BID002014,TEN0397,VEN0007,7417000,2021-10-21 14:58:20,False
BID002015,TEN0398,VEN0047,8318000,2022-12-20 09:06:31,False
BID002016,TEN0398,VEN0057,6201000,2022-12-07 13:19:01,True
BID002017,TEN0399,VEN0092,8704000,2023-10-24 00:00:00,False
BID002018,TEN0399,VEN0035,10321000,2023-10-10 10:19:23,False
BID002019,TEN0399,VEN0038,6899000,2023-10-02 11:15:06,False
BID002020,TEN0399,VEN0048,8588000,2023-10-19 10:12:07,False
BID002021,TEN0399,VEN0093,6576000,2023-09-13 09:12:37,True
BID002022,TEN0399,VEN0101,7432000,2023-10-12 12:28:38,False
BID002023,TEN0399,VEN0028,8922000,2023-10-11 17:16:03,False
BID002024,TEN0400,VEN0072,18819000,2022-08-05 11:24:13,False
BID002025,TEN0400,VEN0023,18869000,2022-07-31 14:35:06,False
BID002026,TEN0400,VEN0018,18475000,2022-08-03 13:35:20,False
BID002027,TEN0400,VEN0036,16492000,2022-07-30 10:44:12,False
BID002028,TEN0400,VEN0058,15165000,2022-07-29 12:47:58,False
BID002029,TEN0400,VEN0074,17992000,2022-08-03 09:48:30,False
BID002030,TEN0400,VEN0010,12940000,2022-07-28 09:03:30,True
BID002031,TEN0400,VEN0118,20432000,2022-08-01 17:43:28,False
BID002032,TEN0401,VEN0120,12578000,2022-10-25 15:58:53,False
BID002033,TEN0401,VEN0036,9912000,2022-10-26 16:12:29,True
BID002034,TEN0401,VEN0007,15341000,2022-10-29 14:47:53,False
BID002035,TEN0401,VEN0056,14353000,2022-10-16 16:29:30,False
BID002036,TEN0402,VEN0010,25133000,2023-02-11 14:16:59,False
BID002037,TEN0402,VEN0072,22067000,2023-03-02 12:52:24,False
BID002038,TEN0402,VEN0100,20683000,2023-02-05 16:59:33,True
BID002039,TEN0402,VEN0104,22108000,2023-01-18 09:59:43,False
BID002040,TEN0402,VEN0052,24520000,2023-02-06 12:39:35,False
BID002041,TEN0403,VEN0088,10391000,2023-02-11 16:43:35,True
BID002042,TEN0403,VEN0078,13286000,2023-03-03 11:11:24,False
BID002043,TEN0403,VEN0097,13228000,2023-01-30 09:13:23,False
BID002044,TEN0403,VEN0022,15081000,2023-02-17 11:20:55,False
BID002045,TEN0404,VEN0101,8537000,2021-03-25 15:59:59,False
BID002046,TEN0404,VEN0061,6579000,2021-03-17 10:50:42,False
BID002047,TEN0404,VEN0038,7367000,2021-03-06 17:41:37,False
BID002048,TEN0404,VEN0035,6385000,2021-03-29 13:00:32,True
BID002049,TEN0405,VEN0111,7618000,2024-11-24 10:04:16,True
BID002050,TEN0405,VEN0044,7939000,2024-11-28 00:00:00,False
BID002051,TEN0406,VEN0006,2772000,2023-10-28 16:30:11,False
BID002052,TEN0406,VEN0101,2961000,2023-11-06 00:00:00,False
BID002053,TEN0406,VEN0090,2773000,2023-10-04 14:26:28,False
BID002054,TEN0406,VEN0046,2707000,2023-10-16 12:03:57,True
BID002055,TEN0406,VEN0035,3048000,2023-11-06 00:00:00,False
BID002056,TEN0406,VEN0019,2895000,2023-10-10 12:46:26,False
BID002057,TEN0406,VEN0084,2750000,2023-10-30 14:25:01,False
BID002058,TEN0407,VEN0045,30465000,2022-03-27 16:33:17,False
BID002059,TEN0407,VEN0023,25331000,2022-03-27 16:40:36,True
BID002060,TEN0407,VEN0058,29329000,2022-04-11 00:00:00,False
BID002061,TEN0407,VEN0100,30259000,2022-04-01 10:18:23,False
BID002062,TEN0407,VEN0036,27694000,2022-03-25 12:51:14,False
BID002063,TEN0408,VEN0076,5530000,2023-07-26 16:18:20,False
BID002064,TEN0408,VEN0030,3988000,2023-09-03 12:46:05,True
BID002065,TEN0408,VEN0114,4719000,2023-08-17 14:55:24,False
BID002066,TEN0408,VEN0070,4892000,2023-08-31 16:48:17,False
BID002067,TEN0408,VEN0082,5753000,2023-07-28 11:46:23,False
BID002068,TEN0408,VEN0021,3995000,2023-09-03 09:19:32,False
BID002069,TEN0408,VEN0055,4923000,2023-07-28 14:58:53,False
BID002070,TEN0408,VEN0091,5037000,2023-08-19 16:14:34,False
BID002071,TEN0409,VEN0096,10925000,2022-09-21 14:22:59,False
BID002072,TEN0409,VEN0063,13652000,2022-09-28 00:00:00,False
BID002073,TEN0409,VEN0097,8338000,2022-09-26 15:47:44,True
BID002074,TEN0409,VEN0039,12610000,2022-09-06 10:28:08,False
BID002075,TEN0409,VEN0077,11875000,2022-09-05 12:09:26,False
BID002076,TEN0410,VEN0053,6366000,2021-09-17 13:15:55,True
BID002077,TEN0410,VEN0096,6710000,2021-09-08 10:47:44,False
BID002078,TEN0411,VEN0044,10655000,2025-01-02 12:40:04,False
BID002079,TEN0411,VEN0078,12590000,2024-11-28 12:08:18,False
BID002080,TEN0411,VEN0039,8618000,2024-12-24 13:11:46,False
BID002081,TEN0411,VEN0032,11734000,2024-11-24 12:42:15,False
BID002082,TEN0411,VEN0063,11381000,2024-11-30 14:31:53,False
BID002083,TEN0411,VEN0009,8130000,2024-11-27 15:09:01,True
BID002084,TEN0411,VEN0022,9033000,2024-11-25 16:04:59,False
BID002085,TEN0412,VEN0039,1479000,2022-05-21 14:59:12,False
BID002086,TEN0412,VEN0053,1417000,2022-05-15 17:53:24,False
BID002087,TEN0412,VEN0119,1514000,2022-05-23 17:31:13,False
BID002088,TEN0412,VEN0063,1739000,2022-05-13 12:06:08,False
BID002089,TEN0412,VEN0032,1389000,2022-05-23 12:51:28,True
BID002092,TEN0413,VEN0081,610000,2021-03-09 09:03:21,True
BID002095,TEN0413,VEN0046,854000,2021-04-07 17:37:10,False
BID002098,TEN0414,VEN0086,1345000,2024-01-30 16:13:23,False
BID002099,TEN0414,VEN0026,1209000,2024-02-04 13:04:50,False
BID002100,TEN0414,VEN0051,1183000,2024-02-02 14:46:32,True
BID002101,TEN0414,VEN0107,1326000,2024-02-17 12:35:03,False
BID002102,TEN0414,VEN0089,1505000,2024-02-09 09:14:09,False
BID002103,TEN0414,VEN0062,1383000,2024-02-09 16:52:07,False
BID002104,TEN0414,VEN0075,1620000,2024-02-16 10:32:28,False
BID002105,TEN0415,VEN0076,1078000,2022-08-11 14:57:04,False
BID002106,TEN0415,VEN0070,1118000,2022-09-05 14:49:33,False
BID002107,TEN0415,VEN0055,901000,2022-08-28 09:07:44,True
BID002108,TEN0415,VEN0054,1470000,2022-09-11 13:13:46,False
BID002109,TEN0415,VEN0114,1239000,2022-09-05 13:17:12,False
BID002110,TEN0416,VEN0058,14046000,2023-05-29 10:15:00,False
BID002111,TEN0416,VEN0033,16788000,2023-05-21 10:42:15,False
BID002112,TEN0416,VEN0072,14473000,2023-05-19 09:47:58,False
BID002113,TEN0416,VEN0104,13578000,2023-05-28 13:43:58,True
BID002114,TEN0417,VEN0075,1942000,2024-03-01 17:45:53,True
BID002115,TEN0417,VEN0051,2065000,2024-03-01 11:19:33,False
BID002116,TEN0418,VEN0042,1533000,2024-12-12 11:07:50,False
BID002117,TEN0418,VEN0098,1455000,2024-11-19 12:54:08,False
BID002118,TEN0418,VEN0059,1365000,2024-12-12 16:16:24,True
BID002119,TEN0418,VEN0040,1799000,2024-12-30 12:58:47,False
BID002120,TEN0419,VEN0039,12616000,2024-02-28 10:52:15,False
BID002121,TEN0419,VEN0022,11414000,2024-03-10 13:30:04,False
BID002122,TEN0419,VEN0088,10757000,2024-02-04 12:49:29,True
BID002123,TEN0419,VEN0119,13667000,2024-02-04 14:27:03,False
BID002124,TEN0420,VEN0082,1728000,2022-06-23 09:53:11,False
BID002125,TEN0420,VEN0004,1696000,2022-06-19 14:17:57,False
BID002126,TEN0420,VEN0034,1420000,2022-06-27 10:46:02,True
BID002127,TEN0420,VEN0021,1990000,2022-06-18 12:15:32,False
BID002128,TEN0421,VEN0053,7682000,2023-06-16 10:53:08,True
BID002129,TEN0421,VEN0066,8969000,2023-05-21 17:35:12,False
BID002130,TEN0421,VEN0044,9597000,2023-06-01 15:14:12,False
BID002131,TEN0421,VEN0078,10455000,2023-06-18 09:36:45,False
BID002132,TEN0421,VEN0094,7703000,2023-06-22 12:33:17,False
BID002133,TEN0421,VEN0032,8441000,2023-05-16 09:03:33,False
BID002134,TEN0422,VEN0038,5871000,2022-05-25 16:49:15,False
BID002135,TEN0422,VEN0095,4410000,2022-05-28 15:23:33,True
BID002136,TEN0422,VEN0046,4637000,2022-07-02 14:17:23,False
BID002137,TEN0423,VEN0103,1192000,2021-01-22 16:04:16,False
BID002138,TEN0423,VEN0048,984000,2021-02-10 17:34:54,False
BID002139,TEN0423,VEN0064,821000,2021-01-22 17:52:08,True
BID002140,TEN0424,VEN0062,1673000,2023-07-18 17:50:19,False
BID002141,TEN0424,VEN0098,1585000,2023-07-27 10:05:19,False
BID002142,TEN0424,VEN0008,1810000,2023-07-11 09:00:57,False
BID002143,TEN0424,VEN0015,1960000,2023-07-10 09:58:04,False
BID002144,TEN0424,VEN0013,1199000,2023-07-12 12:53:09,True
BID002145,TEN0425,VEN0111,13209000,2022-03-09 17:26:06,True
BID002146,TEN0425,VEN0068,14016000,2022-02-26 17:24:10,False
BID002147,TEN0425,VEN0094,16342000,2022-03-01 10:55:55,False
BID002148,TEN0425,VEN0063,13574000,2022-03-02 16:15:34,False
BID002149,TEN0425,VEN0044,13724000,2022-02-24 15:08:40,False
BID002150,TEN0426,VEN0111,2981000,2024-05-19 12:24:28,True
BID002151,TEN0426,VEN0068,3261000,2024-05-23 15:38:33,False
BID002152,TEN0426,VEN0119,3551000,2024-07-13 00:00:00,False
BID002153,TEN0426,VEN0096,3138000,2024-05-24 09:34:28,False
BID002154,TEN0426,VEN0039,3471000,2024-07-06 09:36:50,False
BID002155,TEN0426,VEN0066,3687000,2024-06-22 09:57:11,False
BID002156,TEN0426,VEN0022,3273000,2024-06-28 09:03:16,False
BID002157,TEN0427,VEN0053,8579000,2024-11-06 11:19:08,False
BID002158,TEN0427,VEN0111,7546000,2024-11-03 14:27:19,False
BID002159,TEN0427,VEN0044,6386000,2024-10-21 12:43:31,False
BID002160,TEN0427,VEN0066,8073000,2024-10-22 17:25:07,False
BID002161,TEN0427,VEN0094,8689000,2024-10-22 13:26:22,False
BID002162,TEN0427,VEN0068,6002000,2024-10-27 17:01:01,True
BID002163,TEN0428,VEN0089,2348000,2022-09-16 10:01:13,False
BID002164,TEN0428,VEN0107,1525000,2022-09-10 12:22:42,True
BID002165,TEN0428,VEN0110,1793000,2022-09-28 09:08:34,False
BID002166,TEN0428,VEN0099,1829000,2022-09-08 10:29:13,False
BID002167,TEN0429,VEN0072,9500000,2023-09-23 13:55:15,False
BID002168,TEN0429,VEN0117,9458000,2023-09-29 13:26:45,True
BID002169,TEN0430,VEN0045,30235000,2022-08-02 16:59:12,False
BID002170,TEN0430,VEN0117,37858000,2022-07-24 11:15:17,False
BID002171,TEN0430,VEN0069,36760000,2022-07-26 10:08:12,False
BID002172,TEN0430,VEN0052,35010000,2022-08-16 12:14:39,False
BID002173,TEN0430,VEN0120,29224000,2022-08-04 13:29:57,True
BID002174,TEN0430,VEN0018,30747000,2022-08-04 13:28:00,False
BID002175,TEN0430,VEN0100,29519000,2022-07-15 12:02:58,False
BID002176,TEN0431,VEN0069,43239000,2021-12-09 13:35:34,False
BID002177,TEN0431,VEN0018,44883000,2021-11-27 10:46:25,False
BID002178,TEN0431,VEN0023,47457000,2021-11-22 17:28:27,False
BID002179,TEN0431,VEN0117,39403000,2021-11-26 09:49:04,True
BID002180,TEN0431,VEN0072,36766000,2021-12-05 16:02:18,False
BID002181,TEN0431,VEN0074,45183000,2021-12-10 11:08:56,False
BID002182,TEN0432,VEN0045,26094000,2023-02-07 09:28:11,False
BID002185,TEN0432,VEN0052,17124000,2023-02-07 10:51:37,True
BID002186,TEN0433,VEN0035,7193000,2022-05-28 11:00:24,False
BID002187,TEN0433,VEN0095,7519000,2022-05-26 12:31:18,False
BID002188,TEN0433,VEN0038,6579000,2022-06-17 14:51:04,True
BID002189,TEN0434,VEN0025,2021000,2024-09-20 11:09:30,False
BID002190,TEN0434,VEN0071,1914000,2024-10-05 09:54:28,False
BID002191,TEN0434,VEN0042,1931000,2024-09-24 13:30:18,False
BID002192,TEN0434,VEN0089,1629000,2024-09-22 12:32:43,False
BID002193,TEN0434,VEN0059,1483000,2024-10-02 13:41:55,True
BID002194,TEN0434,VEN0043,1590000,2024-09-25 14:30:11,False
BID002195,TEN0435,VEN0044,9166000,2021-10-08 15:18:24,False
BID002196,TEN0435,VEN0039,8843000,2021-10-20 14:28:18,False
BID002197,TEN0435,VEN0094,8103000,2021-10-07 13:01:01,False
BID002198,TEN0435,VEN0009,6894000,2021-09-26 15:04:30,True
BID002199,TEN0436,VEN0060,305000,2021-03-13 14:30:14,False
BID002200,TEN0436,VEN0075,276000,2021-03-18 09:21:58,False
BID002201,TEN0436,VEN0080,411000,2021-03-19 12:04:25,True
BID002202,TEN0436,VEN0026,249000,2021-04-06 00:00:00,False
BID002203,TEN0437,VEN0019,1145000,2023-03-09 14:08:35,False
BID002204,TEN0437,VEN0103,1143000,2023-03-20 11:05:09,True
BID002205,TEN0437,VEN0038,1558000,2023-03-24 10:08:11,False
BID002206,TEN0437,VEN0084,1438000,2023-03-16 14:31:21,False
BID002207,TEN0437,VEN0061,1594000,2023-03-27 14:18:18,False
BID002208,TEN0437,VEN0067,1484000,2023-03-20 12:36:09,False
BID002209,TEN0438,VEN0044,20207000,2024-03-02 12:05:04,True
BID002210,TEN0438,VEN0077,12226000,2024-02-05 10:39:36,False
BID002211,TEN0438,VEN0022,11751000,2024-02-18 17:59:47,False
BID002212,TEN0439,VEN0020,3696000,2023-10-20 15:27:50,False
BID002213,TEN0439,VEN0116,3636000,2023-10-19 13:18:46,True
BID002214,TEN0440,VEN0015,234000,2022-06-22 09:48:19,False
BID002215,TEN0440,VEN0112,205000,2022-06-07 13:52:10,False
BID002216,TEN0440,VEN0051,170000,2022-06-23 14:34:11,True
BID002217,TEN0440,VEN0002,181000,2022-06-10 11:18:19,False
BID002218,TEN0441,VEN0100,44044000,2021-06-14 10:56:02,False
BID002219,TEN0441,VEN0033,43120000,2021-05-27 10:43:07,False
BID002220,TEN0441,VEN0074,37272000,2021-06-04 14:02:08,False
BID002221,TEN0441,VEN0117,48447000,2021-05-21 11:12:55,False
BID002222,TEN0441,VEN0104,36539000,2021-06-19 00:00:00,True
BID002223,TEN0441,VEN0087,39034000,2021-06-19 00:00:00,False
BID002224,TEN0441,VEN0118,37245000,2021-06-08 17:39:23,False
BID002225,TEN0441,VEN0072,41133000,2021-05-30 12:06:03,False
BID002226,TEN0442,VEN0090,482000,2021-05-01 17:45:19,True
BID002227,TEN0442,VEN0101,595000,2021-05-10 15:57:50,False
BID002228,TEN0443,VEN0053,2346000,2022-09-27 15:12:32,False
BID002229,TEN0443,VEN0063,2549000,2022-09-26 13:22:42,False
BID002230,TEN0443,VEN0088,2581000,2022-09-25 17:12:38,False
BID002231,TEN0443,VEN0066,2322000,2022-09-21 16:10:00,True
BID002232,TEN0443,VEN0044,2348000,2022-09-27 11:06:42,False
BID002233,TEN0444,VEN0022,9233000,2021-05-15 15:04:11,False
BID002234,TEN0444,VEN0078,9256000,2021-05-18 11:31:51,False
BID002235,TEN0444,VEN0039,8775000,2021-05-28 17:39:03,False
BID002236,TEN0444,VEN0119,9068000,2021-05-29 16:47:43,False
BID002237,TEN0444,VEN0053,7222000,2021-05-25 15:12:22,True
BID002238,TEN0445,VEN0074,28566000,2023-04-06 14:36:51,False
BID002239,TEN0445,VEN0120,29339000,2023-05-18 11:04:39,False
BID002240,TEN0445,VEN0056,21903000,2023-05-23 12:29:45,True
BID002241,TEN0445,VEN0018,31062000,2023-04-03 10:06:27,False
BID002242,TEN0445,VEN0036,28163000,2023-05-09 12:51:27,False
BID002243,TEN0445,VEN0023,28192000,2023-05-04 16:51:12,False
BID002244,TEN0445,VEN0118,29054000,2023-05-09 17:10:08,False
BID002245,TEN0446,VEN0082,8398000,2022-02-13 14:49:16,False
BID002246,TEN0446,VEN0116,7397000,2022-03-12 12:58:39,True
BID002247,TEN0447,VEN0119,11576000,2024-11-15 11:28:49,False
BID002248,TEN0447,VEN0096,10848000,2024-11-07 16:03:24,True
BID002249,TEN0447,VEN0063,11069000,2024-12-12 10:25:50,False
BID002250,TEN0447,VEN0009,12595000,2024-11-11 17:03:37,False
BID002251,TEN0447,VEN0039,10933000,2024-12-02 17:05:33,False
BID002252,TEN0448,VEN0100,21859000,2024-12-04 16:39:28,True
BID002253,TEN0448,VEN0041,16002000,2024-11-26 15:31:18,False
BID002254,TEN0448,VEN0102,23156000,2024-12-05 16:31:30,False
BID002255,TEN0448,VEN0056,23773000,2024-12-03 12:13:42,False
BID002256,TEN0448,VEN0117,16727000,2024-11-08 15:36:33,False
BID002257,TEN0448,VEN0104,19480000,2024-11-15 17:40:08,False
BID002258,TEN0449,VEN0031,1591000,2021-12-27 15:32:26,False
BID002259,TEN0449,VEN0073,1736000,2021-12-11 09:19:33,False
BID002260,TEN0449,VEN0076,1348000,2021-12-24 11:57:40,True
BID002261,TEN0449,VEN0029,1926000,2021-12-20 10:03:34,False
BID002262,TEN0449,VEN0027,1660000,2022-01-03 09:13:21,False
BID002263,TEN0449,VEN0034,1713000,2021-12-24 14:49:05,False
BID002264,TEN0449,VEN0047,1468000,2021-12-25 10:07:54,False
BID002265,TEN0449,VEN0054,1830000,2021-12-30 13:59:24,False
BID002266,TEN0450,VEN0066,17418000,2024-08-12 17:30:54,True
BID002267,TEN0450,VEN0044,10689000,2024-07-29 13:37:08,False
BID002268,TEN0450,VEN0032,9852000,2024-08-10 16:17:10,False
BID002269,TEN0450,VEN0053,11897000,2024-08-06 17:09:18,False
BID002270,TEN0450,VEN0009,12573000,2024-08-03 11:40:16,False
BID002271,TEN0450,VEN0119,10363000,2024-08-06 13:44:02,False
BID002272,TEN0450,VEN0111,11136000,2024-07-27 14:10:25,False
BID002273,TEN0450,VEN0077,12730000,2024-08-08 17:24:36,False
BID002274,TEN0451,VEN0067,7370000,2024-11-18 10:03:48,False
BID002275,TEN0451,VEN0037,7503000,2024-11-09 09:12:09,False
BID002276,TEN0451,VEN0061,5590000,2024-11-24 10:30:58,True
BID002277,TEN0452,VEN0068,13520000,2022-12-05 00:00:00,False
BID002278,TEN0452,VEN0053,14056000,2022-11-08 12:42:04,False
BID002279,TEN0452,VEN0119,15523000,2022-12-02 15:56:44,False
BID002280,TEN0452,VEN0077,13511000,2022-12-01 17:18:49,True
BID002281,TEN0453,VEN0087,3817000,2022-09-01 14:34:11,False
BID002282,TEN0453,VEN0072,3402000,2022-10-02 14:47:38,True
BID002283,TEN0453,VEN0045,4507000,2022-09-11 11:05:58,False
BID002284,TEN0453,VEN0058,3550000,2022-09-15 10:21:32,False
BID002285,TEN0454,VEN0054,6898000,2021-03-04 09:14:43,False
BID002286,TEN0454,VEN0021,6753000,2021-04-13 16:49:54,False
BID002287,TEN0454,VEN0030,8025000,2021-04-02 16:57:58,False
BID002288,TEN0454,VEN0031,5644000,2021-03-10 17:16:39,True
BID002289,TEN0454,VEN0005,5983000,2021-03-30 13:17:25,False
BID002290,TEN0454,VEN0047,6576000,2021-04-04 16:35:06,False
BID002291,TEN0455,VEN0066,6216000,2021-12-31 10:46:54,False
BID002292,TEN0455,VEN0078,5988000,2022-02-22 10:01:00,True
BID002293,TEN0455,VEN0094,5122000,2022-02-20 11:29:13,False
BID002294,TEN0455,VEN0032,4659000,2022-01-06 09:14:39,False
BID002295,TEN0455,VEN0077,5725000,2022-02-22 10:45:18,False
BID002296,TEN0455,VEN0009,6377000,2022-01-05 17:08:36,False
BID002297,TEN0456,VEN0024,6029000,2024-01-11 16:35:31,False
BID002298,TEN0456,VEN0090,4966000,2024-01-16 09:10:29,False
BID002299,TEN0456,VEN0028,4541000,2023-12-09 13:25:00,False
BID002300,TEN0456,VEN0019,5892000,2023-12-22 09:15:36,False
BID002301,TEN0456,VEN0012,5431000,2023-12-10 17:08:58,False
BID002302,TEN0456,VEN0093,4320000,2023-12-25 09:16:16,True
BID002303,TEN0456,VEN0101,5350000,2023-12-17 16:51:14,False
BID002304,TEN0457,VEN0033,40356000,2021-08-11 10:05:22,False
BID002305,TEN0457,VEN0100,38916000,2021-08-15 09:53:48,True
BID002306,TEN0457,VEN0074,47432000,2021-08-26 10:33:46,False
BID002307,TEN0458,VEN0052,24093000,2022-10-15 15:58:05,False
BID002308,TEN0458,VEN0023,34188000,2022-09-26 09:25:43,False
BID002309,TEN0458,VEN0120,26328000,2022-10-06 10:19:33,False
BID002310,TEN0458,VEN0001,24400000,2022-10-12 09:22:34,False
BID002311,TEN0458,VEN0058,21079000,2022-10-22 10:55:10,True
BID002312,TEN0458,VEN0117,27451000,2022-10-15 16:13:33,False
BID002313,TEN0458,VEN0045,25264000,2022-10-07 14:41:07,False
BID002314,TEN0458,VEN0056,22705000,2022-09-27 17:03:48,False
BID002315,TEN0459,VEN0082,10766000,2024-04-04 16:29:15,False
BID002316,TEN0459,VEN0114,9674000,2024-03-22 17:01:41,True
BID002317,TEN0459,VEN0109,8886000,2024-04-04 15:58:00,False
BID002318,TEN0459,VEN0057,9200000,2024-04-09 14:43:55,False
BID002319,TEN0459,VEN0054,9402000,2024-03-12 09:48:49,False
BID002320,TEN0459,VEN0027,8199000,2024-03-30 09:01:42,False
BID002321,TEN0460,VEN0044,12311000,2023-06-29 14:34:14,False
BID002322,TEN0460,VEN0022,11261000,2023-07-05 11:12:28,False
BID002323,TEN0460,VEN0096,10624000,2023-06-14 10:39:42,True
BID002324,TEN0460,VEN0039,10668000,2023-06-26 11:40:05,False
BID002325,TEN0461,VEN0024,6454000,2022-07-05 12:38:59,False
BID002326,TEN0461,VEN0084,4269000,2022-07-13 17:27:47,True
BID002327,TEN0461,VEN0093,6010000,2022-07-22 12:18:01,False
BID002328,TEN0461,VEN0046,5723000,2022-07-02 13:37:00,False
BID002329,TEN0461,VEN0028,5482000,2022-07-16 10:49:57,False
BID002330,TEN0461,VEN0064,5700000,2022-07-17 12:53:48,False
BID002331,TEN0461,VEN0006,5513000,2022-06-26 10:23:11,False
BID002332,TEN0461,VEN0092,5985000,2022-07-18 17:11:51,False
BID002333,TEN0462,VEN0018,30635000,2024-04-07 11:33:45,False
BID002334,TEN0462,VEN0045,33257000,2024-04-15 09:35:11,False
BID002335,TEN0462,VEN0036,32083000,2024-04-15 10:07:56,False
BID002336,TEN0462,VEN0072,29033000,2024-04-16 14:15:59,True
BID002337,TEN0462,VEN0104,39467000,2024-04-13 17:42:38,False
BID002338,TEN0462,VEN0041,30649000,2024-04-13 09:23:10,False
BID002339,TEN0463,VEN0059,2810000,2022-05-19 11:16:19,True
BID002340,TEN0463,VEN0099,1694000,2022-06-01 09:16:03,False
BID002341,TEN0463,VEN0106,1856000,2022-06-22 16:13:22,False
BID002342,TEN0463,VEN0040,1783000,2022-06-19 13:37:13,False
BID002343,TEN0464,VEN0010,2063000,2021-05-21 09:33:40,True
BID002344,TEN0464,VEN0120,2332000,2021-06-02 13:26:30,False
BID002345,TEN0464,VEN0087,2329000,2021-05-21 10:48:12,False
BID002346,TEN0464,VEN0074,2106000,2021-06-02 09:43:14,False
BID002347,TEN0464,VEN0072,2403000,2021-06-06 00:00:00,False
BID002348,TEN0465,VEN0109,4415000,2023-07-14 12:56:47,True
BID002349,TEN0465,VEN0027,4640000,2023-07-22 12:44:08,False
BID002350,TEN0465,VEN0116,5339000,2023-07-21 14:43:58,False
BID002351,TEN0465,VEN0011,4849000,2023-07-31 09:45:55,False
BID002352,TEN0465,VEN0055,5456000,2023-07-18 14:31:38,False
BID002353,TEN0465,VEN0030,5039000,2023-07-23 14:21:41,False
BID002354,TEN0465,VEN0113,4443000,2023-07-19 12:26:32,False
BID002355,TEN0465,VEN0021,4678000,2023-07-02 17:10:14,False
BID002356,TEN0466,VEN0076,7892000,2021-04-29 15:55:36,False
BID002357,TEN0466,VEN0004,7453000,2021-05-14 14:02:18,True
BID002358,TEN0467,VEN0035,1645000,2021-03-17 10:03:35,False
BID002359,TEN0467,VEN0038,1550000,2021-03-18 13:21:08,True
BID002360,TEN0468,VEN0111,1210000,2022-05-22 09:48:02,True
BID002361,TEN0468,VEN0039,1324000,2022-05-28 00:00:00,False
BID002362,TEN0468,VEN0066,1437000,2022-05-17 12:24:29,False
BID002363,TEN0468,VEN0053,1391000,2022-05-23 15:03:35,False
BID002364,TEN0469,VEN0025,1361000,2022-12-10 16:05:04,False
BID002365,TEN0469,VEN0016,2093000,2022-12-12 13:21:24,False
BID002366,TEN0469,VEN0099,1520000,2022-12-09 09:01:37,False
BID002367,TEN0469,VEN0060,1298000,2022-12-18 15:11:36,True
BID002368,TEN0469,VEN0043,1520000,2022-12-13 11:58:56,False
BID002369,TEN0470,VEN0028,7457000,2024-04-25 15:41:25,False
BID002370,TEN0470,VEN0084,6749000,2024-05-24 11:26:07,True
BID002373,TEN0471,VEN0020,2525000,2024-05-08 17:20:54,False
BID002374,TEN0471,VEN0073,2042000,2024-05-01 09:40:24,False
BID002375,TEN0471,VEN0027,1682000,2024-05-04 09:24:34,True
BID002376,TEN0471,VEN0057,2544000,2024-05-15 13:56:48,False
BID002377,TEN0471,VEN0113,2501000,2024-05-16 09:23:27,False
BID002378,TEN0471,VEN0065,2328000,2024-05-14 11:24:08,False
BID002379,TEN0471,VEN0011,2184000,2024-05-03 17:17:47,False
BID002380,TEN0472,VEN0031,7726000,2024-04-05 13:56:42,False
BID002381,TEN0472,VEN0057,7197000,2024-04-05 10:39:51,True
BID002382,TEN0472,VEN0030,9441000,2024-04-27 00:00:00,False
BID002383,TEN0472,VEN0047,8192000,2024-04-14 12:11:45,False
BID002384,TEN0472,VEN0116,8029000,2024-04-20 14:02:10,False
BID002385,TEN0473,VEN0088,12990000,2021-02-23 10:31:28,False
BID002386,TEN0473,VEN0077,11399000,2021-02-24 11:34:29,True
BID002387,TEN0473,VEN0053,13192000,2021-03-20 17:49:04,False
BID002388,TEN0473,VEN0032,13898000,2021-02-22 16:16:54,False
BID002389,TEN0473,VEN0063,13675000,2021-02-20 11:54:22,False
BID002390,TEN0473,VEN0097,11621000,2021-02-14 11:06:18,False
BID002391,TEN0473,VEN0039,13858000,2021-03-07 16:09:35,False
BID002392,TEN0474,VEN0066,8515000,2024-11-20 13:10:15,False
BID002393,TEN0474,VEN0022,8748000,2024-11-23 16:31:13,False
BID002394,TEN0474,VEN0039,7344000,2024-12-05 09:20:18,True
BID002396,TEN0475,VEN0015,1628000,2023-04-12 11:59:08,True
BID002402,TEN0475,VEN0089,1228000,2023-04-22 13:05:49,False
BID002403,TEN0476,VEN0109,1062000,2021-11-21 09:15:01,False
BID002404,TEN0476,VEN0029,766000,2021-12-23 17:59:49,True
BID002405,TEN0477,VEN0010,12963000,2021-03-05 14:43:51,False
BID002406,TEN0477,VEN0069,14045000,2021-02-01 15:38:01,False
BID002407,TEN0477,VEN0072,13474000,2021-02-07 15:18:39,False
BID002408,TEN0477,VEN0033,14918000,2021-02-05 16:28:24,False
BID002409,TEN0477,VEN0018,11672000,2021-02-14 17:06:05,True
BID002410,TEN0477,VEN0087,13939000,2021-03-06 11:35:36,False
BID002411,TEN0478,VEN0063,14566000,2024-09-05 16:33:52,False
BID002412,TEN0478,VEN0094,14405000,2024-09-12 09:11:03,False
BID002413,TEN0478,VEN0088,12807000,2024-09-07 17:27:53,False
BID002414,TEN0478,VEN0111,11726000,2024-09-24 11:00:29,True
BID002415,TEN0478,VEN0077,15998000,2024-09-26 15:13:59,False
BID002416,TEN0478,VEN0009,12360000,2024-09-10 09:51:28,False
BID002417,TEN0479,VEN0036,15203000,2021-02-11 09:29:18,False
BID002418,TEN0479,VEN0056,18391000,2021-01-25 11:04:52,False
BID002419,TEN0479,VEN0007,13092000,2021-01-18 15:24:30,True
BID002420,TEN0480,VEN0067,1447000,2023-12-26 11:47:38,False
BID002421,TEN0480,VEN0024,1468000,2023-12-17 10:05:50,False
BID002422,TEN0480,VEN0095,1087000,2023-12-16 17:17:42,True
BID002423,TEN0480,VEN0090,1554000,2023-12-10 16:02:34,False
BID002424,TEN0480,VEN0019,1527000,2024-01-08 09:41:57,False
BID002425,TEN0480,VEN0093,1702000,2023-12-30 11:38:30,False
BID002426,TEN0480,VEN0064,1296000,2023-11-22 17:54:43,False
BID002427,TEN0480,VEN0038,1381000,2023-12-14 10:48:36,False
BID002428,TEN0481,VEN0074,9593000,2021-06-25 12:27:36,False
BID002429,TEN0481,VEN0041,10333000,2021-07-01 17:07:24,False
BID002430,TEN0481,VEN0100,8882000,2021-06-13 11:20:14,True
BID002431,TEN0481,VEN0023,9500000,2021-07-13 16:42:34,False
BID002432,TEN0481,VEN0033,10444000,2021-07-18 16:32:14,False
BID002433,TEN0481,VEN0056,10533000,2021-06-25 14:45:47,False
BID002434,TEN0481,VEN0018,10355000,2021-07-07 11:05:49,False
BID002435,TEN0482,VEN0100,4946000,2023-02-12 17:16:02,True
BID002436,TEN0482,VEN0033,5228000,2023-02-16 13:16:04,False
BID002437,TEN0482,VEN0074,6720000,2023-03-14 11:50:57,False
BID002438,TEN0482,VEN0104,5088000,2023-03-07 16:01:38,False
BID002439,TEN0482,VEN0023,5541000,2023-02-25 17:41:38,False
BID002440,TEN0482,VEN0010,5329000,2023-02-11 17:48:32,False
BID002441,TEN0482,VEN0052,6712000,2023-03-19 12:16:12,False
BID002442,TEN0483,VEN0040,1508000,2024-10-15 10:48:32,False
BID002443,TEN0483,VEN0016,1507000,2024-10-02 17:44:11,True
BID002444,TEN0484,VEN0086,189000,2024-11-06 15:18:48,False
BID002445,TEN0484,VEN0016,156000,2024-10-21 11:13:54,False
BID002446,TEN0484,VEN0112,141000,2024-11-08 10:26:33,True
BID002447,TEN0485,VEN0075,1312000,2024-04-06 15:58:51,False
BID002448,TEN0485,VEN0016,1069000,2024-03-26 13:59:03,True
BID002449,TEN0486,VEN0102,34050000,2023-11-26 17:49:25,False
BID002450,TEN0486,VEN0023,30220000,2023-11-21 14:14:21,False
BID002451,TEN0486,VEN0100,35320000,2023-12-12 17:08:19,False
BID002452,TEN0486,VEN0118,33833000,2023-12-09 12:31:07,False
BID002453,TEN0486,VEN0117,30597000,2023-11-20 10:35:35,False
BID002454,TEN0486,VEN0120,28420000,2023-11-18 14:00:55,True
BID002455,TEN0487,VEN0034,6577000,2021-05-18 16:51:36,True
BID002456,TEN0487,VEN0065,6889000,2021-04-27 11:27:32,False
BID002457,TEN0488,VEN0113,6912000,2023-04-19 14:55:00,True
BID002458,TEN0488,VEN0073,8930000,2023-04-28 15:48:47,False
BID002459,TEN0488,VEN0034,8388000,2023-04-19 12:17:53,False
BID002460,TEN0488,VEN0011,7125000,2023-04-28 13:09:05,False
BID002461,TEN0488,VEN0020,7084000,2023-05-21 16:04:33,False
BID002462,TEN0489,VEN0113,2722000,2021-05-04 14:33:00,False
BID002463,TEN0489,VEN0020,1917000,2021-05-06 12:23:25,True
BID002464,TEN0490,VEN0079,3647000,2024-03-25 12:06:13,True
BID002465,TEN0490,VEN0021,3637000,2024-04-26 17:49:02,False
BID002466,TEN0491,VEN0046,6000000,2023-05-07 10:32:50,False
BID002467,TEN0491,VEN0064,6848000,2023-05-05 10:33:33,False
BID002468,TEN0491,VEN0019,5234000,2023-04-20 13:11:40,False
BID002469,TEN0491,VEN0084,5031000,2023-04-21 17:39:00,True
BID002470,TEN0491,VEN0103,5890000,2023-04-20 12:19:50,False
BID002471,TEN0492,VEN0058,25994000,2022-01-21 10:06:50,False
BID002472,TEN0492,VEN0117,23045000,2022-02-10 12:33:03,True
BID002473,TEN0492,VEN0072,26275000,2022-02-20 10:10:13,False
BID002474,TEN0492,VEN0100,34443000,2022-01-27 14:52:03,False
BID002475,TEN0493,VEN0003,662000,2021-04-28 14:26:43,False
BID002476,TEN0493,VEN0025,700000,2021-04-28 13:18:20,False
BID002477,TEN0493,VEN0080,675000,2021-06-01 13:54:12,False
BID002478,TEN0493,VEN0071,731000,2021-05-27 17:14:56,False
BID002479,TEN0493,VEN0014,647000,2021-04-25 16:01:21,False
BID002480,TEN0493,VEN0110,803000,2021-05-10 15:06:46,False
BID002481,TEN0493,VEN0105,638000,2021-05-29 17:34:49,True
BID002482,TEN0494,VEN0071,296000,2023-12-01 12:17:40,False
BID002483,TEN0494,VEN0062,257000,2023-11-03 14:38:48,False
BID002484,TEN0494,VEN0086,294000,2023-11-27 12:45:56,False
BID002485,TEN0494,VEN0075,252000,2023-12-05 17:31:15,True
BID002486,TEN0495,VEN0023,53345000,2024-10-21 12:19:34,False
BID002487,TEN0495,VEN0036,49414000,2024-10-21 09:09:57,True
BID002488,TEN0495,VEN0100,51418000,2024-10-22 09:33:19,False
BID002489,TEN0495,VEN0102,50683000,2024-10-13 15:12:07,False
BID002490,TEN0496,VEN0005,1310000,2024-12-30 15:30:35,True
BID002491,TEN0496,VEN0020,1574000,2025-01-18 17:58:13,False
BID002492,TEN0496,VEN0115,2096000,2024-12-30 13:50:56,False
BID002493,TEN0496,VEN0030,1977000,2025-01-05 15:43:00,False
BID002494,TEN0496,VEN0113,2102000,2025-01-27 10:45:58,False
BID002495,TEN0496,VEN0027,1399000,2025-01-06 14:30:12,False
BID002496,TEN0497,VEN0055,2789000,2022-11-11 09:35:15,False
BID002497,TEN0497,VEN0073,2420000,2022-11-07 14:35:56,False
BID002498,TEN0497,VEN0065,1989000,2022-11-07 17:20:47,True
BID002499,TEN0498,VEN0049,1166000,2023-04-27 09:16:37,False
BID002500,TEN0498,VEN0059,1052000,2023-04-15 13:32:04,False
BID002501,TEN0498,VEN0080,1381000,2023-05-12 11:16:22,False
BID002502,TEN0498,VEN0071,1435000,2023-04-21 16:26:04,False
BID002503,TEN0498,VEN0075,993000,2023-05-01 17:40:22,True
BID002504,TEN0499,VEN0022,6672000,2022-03-05 13:43:29,False
BID002505,TEN0499,VEN0119,7662000,2022-02-22 15:52:40,False
BID002506,TEN0499,VEN0063,5815000,2022-02-26 09:40:34,True
BID002507,TEN0499,VEN0088,5925000,2022-03-14 16:39:49,False
BID002508,TEN0499,VEN0094,6684000,2022-03-07 15:47:54,False
BID002509,TEN0499,VEN0068,6025000,2022-02-13 12:39:40,False
BID002510,TEN0500,VEN0009,11463000,2022-04-05 09:05:44,False
BID002511,TEN0500,VEN0066,7892000,2022-03-12 10:49:07,True
BID002512,TEN0500,VEN0096,10952000,2022-03-18 11:29:09,False
BID002513,TEN0500,VEN0119,11635000,2022-03-11 15:53:25,False
BID002514,TEN0500,VEN0053,12297000,2022-04-02 09:15:22,False
BID002515,TEN0500,VEN0068,9435000,2022-03-19 13:38:27,False
